"ElectoralEventID","ElectoralEvent","ProvinceID","Province","MunicipalityID","Municipality","RegisteredVoters","SpoiltVotes","SpecialVotes","PercVoterTurnout","TotalVotesCast","TotalValidVotes","VDCount","VDWithResultsCaptured","bResultsComplete","ReportDate","PartyBallotResults.ID","PartyBallotResults.Name","PartyBallotResults.Ward_ValidVotes","PartyBallotResults.PR_ValidVotes","PartyBallotResults.DC40Perc_ValidVotes","PartyBallotResults.TotalValidVotes","PartyBallotResults.PercOfVotes","PartyBallotResults.IsOnNational","PartyBallotResults.Color"
"1",402,"LOCAL GOVERNMENT ELECTION 2016",1,"Eastern Cape",1001,"NMA - Nelson Mandela Bay",609217,13523,8803,63.86,774560,761037,254,254,TRUE,"2021-10-30T23:03:30.8",52,"DA - DEMOCRATIC ALLIANCE",177920,177551,0,355471,46.71,FALSE,NA
"2",402,"LOCAL GOVERNMENT ELECTION 2016",1,"Eastern Cape",1001,"NMA - Nelson Mandela Bay",609217,13523,8803,63.86,774560,761037,254,254,TRUE,"2021-10-30T23:03:30.8",7,"ANC - AFRICAN NATIONAL CONGRESS",153496,157920,0,311416,40.92,FALSE,NA
"3",402,"LOCAL GOVERNMENT ELECTION 2016",1,"Eastern Cape",1001,"NMA - Nelson Mandela Bay",609217,13523,8803,63.86,774560,761037,254,254,TRUE,"2021-10-30T23:03:30.8",945,"EFF - ECONOMIC FREEDOM FIGHTERS",19819,19132,0,38951,5.12,FALSE,NA
"4",402,"LOCAL GOVERNMENT ELECTION 2016",1,"Eastern Cape",1001,"NMA - Nelson Mandela Bay",609217,13523,8803,63.86,774560,761037,254,254,TRUE,"2021-10-30T23:03:30.8",6,"UDM - UNITED DEMOCRATIC MOVEMENT",7600,6969,0,14569,1.91,FALSE,NA
"5",402,"LOCAL GOVERNMENT ELECTION 2016",1,"Eastern Cape",1001,"NMA - Nelson Mandela Bay",609217,13523,8803,63.86,774560,761037,254,254,TRUE,"2021-10-30T23:03:30.8",0,"INDEPENDENT",7142,0,0,7142,0.94,FALSE,NA
"6",402,"LOCAL GOVERNMENT ELECTION 2016",1,"Eastern Cape",1001,"NMA - Nelson Mandela Bay",609217,13523,8803,63.86,774560,761037,254,254,TRUE,"2021-10-30T23:03:30.8",1115,"UFEC - UNITED FRONT OF THE EASTERN CAPE",4133,3048,0,7181,0.94,FALSE,NA
"7",402,"LOCAL GOVERNMENT ELECTION 2016",1,"Eastern Cape",1001,"NMA - Nelson Mandela Bay",609217,13523,8803,63.86,774560,761037,254,254,TRUE,"2021-10-30T23:03:30.8",499,"COPE - CONGRESS  OF THE PEOPLE",2929,2658,0,5587,0.73,FALSE,NA
"8",402,"LOCAL GOVERNMENT ELECTION 2016",1,"Eastern Cape",1001,"NMA - Nelson Mandela Bay",609217,13523,8803,63.86,774560,761037,254,254,TRUE,"2021-10-30T23:03:30.8",18,"ACDP - AFRICAN CHRISTIAN DEMOCRATIC PARTY",1399,1313,0,2712,0.36,FALSE,NA
"9",402,"LOCAL GOVERNMENT ELECTION 2016",1,"Eastern Cape",1001,"NMA - Nelson Mandela Bay",609217,13523,8803,63.86,774560,761037,254,254,TRUE,"2021-10-30T23:03:30.8",5,"CDP - CHRISTIAN DEMOCRATIC PARTY",1253,133,0,1386,0.18,FALSE,NA
"10",402,"LOCAL GOVERNMENT ELECTION 2016",1,"Eastern Cape",1001,"NMA - Nelson Mandela Bay",609217,13523,8803,63.86,774560,761037,254,254,TRUE,"2021-10-30T23:03:30.8",330,"AIC - AFRICAN INDEPENDENT CONGRESS",1078,6144,0,7222,0.95,FALSE,NA
"11",402,"LOCAL GOVERNMENT ELECTION 2016",1,"Eastern Cape",1001,"NMA - Nelson Mandela Bay",609217,13523,8803,63.86,774560,761037,254,254,TRUE,"2021-10-30T23:03:30.8",4,"VF PLUS - VRYHEIDSFRONT PLUS",976,941,0,1917,0.25,FALSE,NA
"12",402,"LOCAL GOVERNMENT ELECTION 2016",1,"Eastern Cape",1001,"NMA - Nelson Mandela Bay",609217,13523,8803,63.86,774560,761037,254,254,TRUE,"2021-10-30T23:03:30.8",957,"PA - PATRIOTIC ALLIANCE",930,1110,0,2040,0.27,FALSE,NA
"13",402,"LOCAL GOVERNMENT ELECTION 2016",1,"Eastern Cape",1001,"NMA - Nelson Mandela Bay",609217,13523,8803,63.86,774560,761037,254,254,TRUE,"2021-10-30T23:03:30.8",8,"PAC - PAN AFRICANIST CONGRESS OF AZANIA",447,862,0,1309,0.17,FALSE,NA
"14",402,"LOCAL GOVERNMENT ELECTION 2016",1,"Eastern Cape",1001,"NMA - Nelson Mandela Bay",609217,13523,8803,63.86,774560,761037,254,254,TRUE,"2021-10-30T23:03:30.8",17,"AZAPO - AZANIAN PEOPLE'S ORGANISATION",303,358,0,661,0.09,FALSE,NA
"15",402,"LOCAL GOVERNMENT ELECTION 2016",1,"Eastern Cape",1001,"NMA - Nelson Mandela Bay",609217,13523,8803,63.86,774560,761037,254,254,TRUE,"2021-10-30T23:03:30.8",1116,"AD - ALTERNATIVE DEMOCRATS",287,942,0,1229,0.16,FALSE,NA
"16",402,"LOCAL GOVERNMENT ELECTION 2016",1,"Eastern Cape",1001,"NMA - Nelson Mandela Bay",609217,13523,8803,63.86,774560,761037,254,254,TRUE,"2021-10-30T23:03:30.8",45,"ICOSA - INDEPENDENT CIVIC ORGANISATION OF SOUTH AFRICA",256,467,0,723,0.1,FALSE,NA
"17",402,"LOCAL GOVERNMENT ELECTION 2016",1,"Eastern Cape",1001,"NMA - Nelson Mandela Bay",609217,13523,8803,63.86,774560,761037,254,254,TRUE,"2021-10-30T23:03:30.8",613,"UBUNTU - UBUNTU PARTY",165,143,0,308,0.04,FALSE,NA
"18",402,"LOCAL GOVERNMENT ELECTION 2016",1,"Eastern Cape",1001,"NMA - Nelson Mandela Bay",609217,13523,8803,63.86,774560,761037,254,254,TRUE,"2021-10-30T23:03:30.8",991,"APM - AFRICAN POWER MOVEMENT",150,96,0,246,0.03,FALSE,NA
"19",402,"LOCAL GOVERNMENT ELECTION 2016",1,"Eastern Cape",1001,"NMA - Nelson Mandela Bay",609217,13523,8803,63.86,774560,761037,254,254,TRUE,"2021-10-30T23:03:30.8",450,"APC - AFRICAN PEOPLE'S CONVENTION",142,591,0,733,0.1,FALSE,NA
"20",402,"LOCAL GOVERNMENT ELECTION 2016",1,"Eastern Cape",1001,"NMA - Nelson Mandela Bay",609217,13523,8803,63.86,774560,761037,254,254,TRUE,"2021-10-30T23:03:30.8",1102,"BACS - BUILDING A COHESIVE SOCIETY",123,111,0,234,0.03,FALSE,NA
"21",402,"LOCAL GOVERNMENT ELECTION 2016",1,"Eastern Cape",1137,"EC444 - Ntabankulu",64137,2470,953,54.22,103083,100613,136,136,TRUE,"2021-10-30T23:03:30.767",7,"ANC - AFRICAN NATIONAL CONGRESS",29115,28038,28519,85672,85.15,FALSE,NA
"22",402,"LOCAL GOVERNMENT ELECTION 2016",1,"Eastern Cape",1137,"EC444 - Ntabankulu",64137,2470,953,54.22,103083,100613,136,136,TRUE,"2021-10-30T23:03:30.767",945,"EFF - ECONOMIC FREEDOM FIGHTERS",1924,1778,2036,5738,5.7,FALSE,NA
"23",402,"LOCAL GOVERNMENT ELECTION 2016",1,"Eastern Cape",1137,"EC444 - Ntabankulu",64137,2470,953,54.22,103083,100613,136,136,TRUE,"2021-10-30T23:03:30.767",52,"DA - DEMOCRATIC ALLIANCE",1819,1735,1753,5307,5.27,FALSE,NA
"24",402,"LOCAL GOVERNMENT ELECTION 2016",1,"Eastern Cape",1137,"EC444 - Ntabankulu",64137,2470,953,54.22,103083,100613,136,136,TRUE,"2021-10-30T23:03:30.767",0,"INDEPENDENT",400,0,0,400,0.4,FALSE,NA
"25",402,"LOCAL GOVERNMENT ELECTION 2016",1,"Eastern Cape",1137,"EC444 - Ntabankulu",64137,2470,953,54.22,103083,100613,136,136,TRUE,"2021-10-30T23:03:30.767",330,"AIC - AFRICAN INDEPENDENT CONGRESS",284,1347,727,2358,2.34,FALSE,NA
"26",402,"LOCAL GOVERNMENT ELECTION 2016",1,"Eastern Cape",1137,"EC444 - Ntabankulu",64137,2470,953,54.22,103083,100613,136,136,TRUE,"2021-10-30T23:03:30.767",1118,"ADR - ABANTU DEMOCRATIC REVOLUTION",166,141,0,307,0.31,FALSE,NA
"27",402,"LOCAL GOVERNMENT ELECTION 2016",1,"Eastern Cape",1137,"EC444 - Ntabankulu",64137,2470,953,54.22,103083,100613,136,136,TRUE,"2021-10-30T23:03:30.767",6,"UDM - UNITED DEMOCRATIC MOVEMENT",15,391,376,782,0.78,FALSE,NA
"28",402,"LOCAL GOVERNMENT ELECTION 2016",1,"Eastern Cape",1137,"EC444 - Ntabankulu",64137,2470,953,54.22,103083,100613,136,136,TRUE,"2021-10-30T23:03:30.767",953,"HIS L SHIP - HIS LORDSHIP TO SAVE AND LEAD PARTY",0,0,49,49,0.05,FALSE,NA
"29",402,"LOCAL GOVERNMENT ELECTION 2016",1,"Eastern Cape",1136,"EC443 - Mbizana",131835,6242,1499,56.78,222628,216386,260,260,TRUE,"2021-10-30T23:03:30.52",7,"ANC - AFRICAN NATIONAL CONGRESS",57985,58315,59325,175625,81.16,FALSE,NA
"30",402,"LOCAL GOVERNMENT ELECTION 2016",1,"Eastern Cape",1136,"EC443 - Mbizana",131835,6242,1499,56.78,222628,216386,260,260,TRUE,"2021-10-30T23:03:30.52",945,"EFF - ECONOMIC FREEDOM FIGHTERS",4204,4639,5014,13857,6.4,FALSE,NA
"31",402,"LOCAL GOVERNMENT ELECTION 2016",1,"Eastern Cape",1136,"EC443 - Mbizana",131835,6242,1499,56.78,222628,216386,260,260,TRUE,"2021-10-30T23:03:30.52",1039,"ACU - ACADEMIC CONGRESS UNION",2958,2845,0,5803,2.68,FALSE,NA
"32",402,"LOCAL GOVERNMENT ELECTION 2016",1,"Eastern Cape",1136,"EC443 - Mbizana",131835,6242,1499,56.78,222628,216386,260,260,TRUE,"2021-10-30T23:03:30.52",52,"DA - DEMOCRATIC ALLIANCE",2727,2534,2902,8163,3.77,FALSE,NA
"33",402,"LOCAL GOVERNMENT ELECTION 2016",1,"Eastern Cape",1136,"EC443 - Mbizana",131835,6242,1499,56.78,222628,216386,260,260,TRUE,"2021-10-30T23:03:30.52",330,"AIC - AFRICAN INDEPENDENT CONGRESS",1604,1748,2232,5584,2.58,FALSE,NA
"34",402,"LOCAL GOVERNMENT ELECTION 2016",1,"Eastern Cape",1136,"EC443 - Mbizana",131835,6242,1499,56.78,222628,216386,260,260,TRUE,"2021-10-30T23:03:30.52",450,"APC - AFRICAN PEOPLE'S CONVENTION",1059,969,0,2028,0.94,FALSE,NA
"35",402,"LOCAL GOVERNMENT ELECTION 2016",1,"Eastern Cape",1136,"EC443 - Mbizana",131835,6242,1499,56.78,222628,216386,260,260,TRUE,"2021-10-30T23:03:30.52",6,"UDM - UNITED DEMOCRATIC MOVEMENT",688,1118,2301,4107,1.9,FALSE,NA
"36",402,"LOCAL GOVERNMENT ELECTION 2016",1,"Eastern Cape",1136,"EC443 - Mbizana",131835,6242,1499,56.78,222628,216386,260,260,TRUE,"2021-10-30T23:03:30.52",0,"INDEPENDENT",366,0,0,366,0.17,FALSE,NA
"37",402,"LOCAL GOVERNMENT ELECTION 2016",1,"Eastern Cape",1136,"EC443 - Mbizana",131835,6242,1499,56.78,222628,216386,260,260,TRUE,"2021-10-30T23:03:30.52",1118,"ADR - ABANTU DEMOCRATIC REVOLUTION",157,220,0,377,0.17,FALSE,NA
"38",402,"LOCAL GOVERNMENT ELECTION 2016",1,"Eastern Cape",1136,"EC443 - Mbizana",131835,6242,1499,56.78,222628,216386,260,260,TRUE,"2021-10-30T23:03:30.52",8,"PAC - PAN AFRICANIST CONGRESS OF AZANIA",108,218,0,326,0.15,FALSE,NA
"39",402,"LOCAL GOVERNMENT ELECTION 2016",1,"Eastern Cape",1136,"EC443 - Mbizana",131835,6242,1499,56.78,222628,216386,260,260,TRUE,"2021-10-30T23:03:30.52",953,"HIS L SHIP - HIS LORDSHIP TO SAVE AND LEAD PARTY",0,0,150,150,0.07,FALSE,NA
"40",402,"LOCAL GOVERNMENT ELECTION 2016",1,"Eastern Cape",1031,"EC442 - Umzimvubu",103439,4713,1584,54.17,167985,163272,206,206,TRUE,"2021-10-30T23:03:30.493",7,"ANC - AFRICAN NATIONAL CONGRESS",42233,41767,42064,126064,77.21,FALSE,NA
"41",402,"LOCAL GOVERNMENT ELECTION 2016",1,"Eastern Cape",1031,"EC442 - Umzimvubu",103439,4713,1584,54.17,167985,163272,206,206,TRUE,"2021-10-30T23:03:30.493",52,"DA - DEMOCRATIC ALLIANCE",4178,3666,3738,11582,7.09,FALSE,NA
"42",402,"LOCAL GOVERNMENT ELECTION 2016",1,"Eastern Cape",1031,"EC442 - Umzimvubu",103439,4713,1584,54.17,167985,163272,206,206,TRUE,"2021-10-30T23:03:30.493",6,"UDM - UNITED DEMOCRATIC MOVEMENT",2866,4079,3975,10920,6.69,FALSE,NA
"43",402,"LOCAL GOVERNMENT ELECTION 2016",1,"Eastern Cape",1031,"EC442 - Umzimvubu",103439,4713,1584,54.17,167985,163272,206,206,TRUE,"2021-10-30T23:03:30.493",945,"EFF - ECONOMIC FREEDOM FIGHTERS",2658,2600,2521,7779,4.76,FALSE,NA
"44",402,"LOCAL GOVERNMENT ELECTION 2016",1,"Eastern Cape",1031,"EC442 - Umzimvubu",103439,4713,1584,54.17,167985,163272,206,206,TRUE,"2021-10-30T23:03:30.493",330,"AIC - AFRICAN INDEPENDENT CONGRESS",1783,2322,2034,6139,3.76,FALSE,NA
"45",402,"LOCAL GOVERNMENT ELECTION 2016",1,"Eastern Cape",1031,"EC442 - Umzimvubu",103439,4713,1584,54.17,167985,163272,206,206,TRUE,"2021-10-30T23:03:30.493",0,"INDEPENDENT",720,0,0,720,0.44,FALSE,NA
"46",402,"LOCAL GOVERNMENT ELECTION 2016",1,"Eastern Cape",1031,"EC442 - Umzimvubu",103439,4713,1584,54.17,167985,163272,206,206,TRUE,"2021-10-30T23:03:30.493",953,"HIS L SHIP - HIS LORDSHIP TO SAVE AND LEAD PARTY",0,0,68,68,0.04,FALSE,NA
"47",402,"LOCAL GOVERNMENT ELECTION 2016",1,"Eastern Cape",4034,"EC441 - Matatiele",97535,5598,1840,59.49,173512,167914,172,172,TRUE,"2021-10-30T23:03:30.463",7,"ANC - AFRICAN NATIONAL CONGRESS",40772,41684,41329,123785,73.72,FALSE,NA
"48",402,"LOCAL GOVERNMENT ELECTION 2016",1,"Eastern Cape",4034,"EC441 - Matatiele",97535,5598,1840,59.49,173512,167914,172,172,TRUE,"2021-10-30T23:03:30.463",52,"DA - DEMOCRATIC ALLIANCE",5349,4522,4658,14529,8.65,FALSE,NA
"49",402,"LOCAL GOVERNMENT ELECTION 2016",1,"Eastern Cape",4034,"EC441 - Matatiele",97535,5598,1840,59.49,173512,167914,172,172,TRUE,"2021-10-30T23:03:30.463",330,"AIC - AFRICAN INDEPENDENT CONGRESS",4068,3918,4338,12324,7.34,FALSE,NA
"50",402,"LOCAL GOVERNMENT ELECTION 2016",1,"Eastern Cape",4034,"EC441 - Matatiele",97535,5598,1840,59.49,173512,167914,172,172,TRUE,"2021-10-30T23:03:30.463",945,"EFF - ECONOMIC FREEDOM FIGHTERS",3815,3810,3806,11431,6.81,FALSE,NA
"51",402,"LOCAL GOVERNMENT ELECTION 2016",1,"Eastern Cape",4034,"EC441 - Matatiele",97535,5598,1840,59.49,173512,167914,172,172,TRUE,"2021-10-30T23:03:30.463",0,"INDEPENDENT",1092,0,0,1092,0.65,FALSE,NA
"52",402,"LOCAL GOVERNMENT ELECTION 2016",1,"Eastern Cape",4034,"EC441 - Matatiele",97535,5598,1840,59.49,173512,167914,172,172,TRUE,"2021-10-30T23:03:30.463",6,"UDM - UNITED DEMOCRATIC MOVEMENT",631,1536,1549,3716,2.21,FALSE,NA
"53",402,"LOCAL GOVERNMENT ELECTION 2016",1,"Eastern Cape",4034,"EC441 - Matatiele",97535,5598,1840,59.49,173512,167914,172,172,TRUE,"2021-10-30T23:03:30.463",450,"APC - AFRICAN PEOPLE'S CONVENTION",320,382,0,702,0.42,FALSE,NA
"54",402,"LOCAL GOVERNMENT ELECTION 2016",1,"Eastern Cape",4034,"EC441 - Matatiele",97535,5598,1840,59.49,173512,167914,172,172,TRUE,"2021-10-30T23:03:30.463",953,"HIS L SHIP - HIS LORDSHIP TO SAVE AND LEAD PARTY",44,145,146,335,0.2,FALSE,NA
"55",402,"LOCAL GOVERNMENT ELECTION 2016",1,"Eastern Cape",1142,"EC157 - King Sabata Dalindyebo",211426,6428,1806,45.33,286432,280004,351,351,TRUE,"2021-10-30T23:03:29.79",7,"ANC - AFRICAN NATIONAL CONGRESS",58835,59144,57404,175383,62.64,FALSE,NA
"56",402,"LOCAL GOVERNMENT ELECTION 2016",1,"Eastern Cape",1142,"EC157 - King Sabata Dalindyebo",211426,6428,1806,45.33,286432,280004,351,351,TRUE,"2021-10-30T23:03:29.79",6,"UDM - UNITED DEMOCRATIC MOVEMENT",20245,20571,21388,62204,22.22,FALSE,NA
"57",402,"LOCAL GOVERNMENT ELECTION 2016",1,"Eastern Cape",1142,"EC157 - King Sabata Dalindyebo",211426,6428,1806,45.33,286432,280004,351,351,TRUE,"2021-10-30T23:03:29.79",1085,"MRRA - MTHATHA RATEPAYERS AND RESIDENTS ASSOCIATION",4520,4143,0,8663,3.09,FALSE,NA
"58",402,"LOCAL GOVERNMENT ELECTION 2016",1,"Eastern Cape",1142,"EC157 - King Sabata Dalindyebo",211426,6428,1806,45.33,286432,280004,351,351,TRUE,"2021-10-30T23:03:29.79",52,"DA - DEMOCRATIC ALLIANCE",4168,4165,4637,12970,4.63,FALSE,NA
"59",402,"LOCAL GOVERNMENT ELECTION 2016",1,"Eastern Cape",1142,"EC157 - King Sabata Dalindyebo",211426,6428,1806,45.33,286432,280004,351,351,TRUE,"2021-10-30T23:03:29.79",945,"EFF - ECONOMIC FREEDOM FIGHTERS",3915,4159,4480,12554,4.48,FALSE,NA
"60",402,"LOCAL GOVERNMENT ELECTION 2016",1,"Eastern Cape",1142,"EC157 - King Sabata Dalindyebo",211426,6428,1806,45.33,286432,280004,351,351,TRUE,"2021-10-30T23:03:29.79",0,"INDEPENDENT",1001,0,0,1001,0.36,FALSE,NA
"61",402,"LOCAL GOVERNMENT ELECTION 2016",1,"Eastern Cape",1142,"EC157 - King Sabata Dalindyebo",211426,6428,1806,45.33,286432,280004,351,351,TRUE,"2021-10-30T23:03:29.79",330,"AIC - AFRICAN INDEPENDENT CONGRESS",575,0,3307,3882,1.39,FALSE,NA
"62",402,"LOCAL GOVERNMENT ELECTION 2016",1,"Eastern Cape",1142,"EC157 - King Sabata Dalindyebo",211426,6428,1806,45.33,286432,280004,351,351,TRUE,"2021-10-30T23:03:29.79",8,"PAC - PAN AFRICANIST CONGRESS OF AZANIA",270,504,560,1334,0.48,FALSE,NA
"63",402,"LOCAL GOVERNMENT ELECTION 2016",1,"Eastern Cape",1142,"EC157 - King Sabata Dalindyebo",211426,6428,1806,45.33,286432,280004,351,351,TRUE,"2021-10-30T23:03:29.79",1059,"SASO - SOUTH AFRICAN SECURITY ORGANISATION",108,419,438,965,0.34,FALSE,NA
"64",402,"LOCAL GOVERNMENT ELECTION 2016",1,"Eastern Cape",1142,"EC157 - King Sabata Dalindyebo",211426,6428,1806,45.33,286432,280004,351,351,TRUE,"2021-10-30T23:03:29.79",456,"CASA - CIVIC ALLIANCE OF SOUTH AFRICA",62,310,293,665,0.24,FALSE,NA
"65",402,"LOCAL GOVERNMENT ELECTION 2016",1,"Eastern Cape",1142,"EC157 - King Sabata Dalindyebo",211426,6428,1806,45.33,286432,280004,351,351,TRUE,"2021-10-30T23:03:29.79",610,"CI - CIVIC INDEPENDENT",0,0,102,102,0.04,FALSE,NA
"66",402,"LOCAL GOVERNMENT ELECTION 2016",1,"Eastern Cape",1142,"EC157 - King Sabata Dalindyebo",211426,6428,1806,45.33,286432,280004,351,351,TRUE,"2021-10-30T23:03:29.79",499,"COPE - CONGRESS  OF THE PEOPLE",0,0,281,281,0.1,FALSE,NA
"67",402,"LOCAL GOVERNMENT ELECTION 2016",1,"Eastern Cape",1141,"EC156 - Mhlontlo",96967,3825,1994,53.3,154034,150209,195,195,TRUE,"2021-10-30T23:03:29.763",7,"ANC - AFRICAN NATIONAL CONGRESS",38067,39974,37542,115583,76.95,FALSE,NA
"68",402,"LOCAL GOVERNMENT ELECTION 2016",1,"Eastern Cape",1141,"EC156 - Mhlontlo",96967,3825,1994,53.3,154034,150209,195,195,TRUE,"2021-10-30T23:03:29.763",0,"INDEPENDENT",3823,0,0,3823,2.55,FALSE,NA
"69",402,"LOCAL GOVERNMENT ELECTION 2016",1,"Eastern Cape",1141,"EC156 - Mhlontlo",96967,3825,1994,53.3,154034,150209,195,195,TRUE,"2021-10-30T23:03:29.763",6,"UDM - UNITED DEMOCRATIC MOVEMENT",2821,3155,3162,9138,6.08,FALSE,NA
"70",402,"LOCAL GOVERNMENT ELECTION 2016",1,"Eastern Cape",1141,"EC156 - Mhlontlo",96967,3825,1994,53.3,154034,150209,195,195,TRUE,"2021-10-30T23:03:29.763",52,"DA - DEMOCRATIC ALLIANCE",1644,1622,1576,4842,3.22,FALSE,NA
"71",402,"LOCAL GOVERNMENT ELECTION 2016",1,"Eastern Cape",1141,"EC156 - Mhlontlo",96967,3825,1994,53.3,154034,150209,195,195,TRUE,"2021-10-30T23:03:29.763",945,"EFF - ECONOMIC FREEDOM FIGHTERS",1624,1572,1706,4902,3.26,FALSE,NA
"72",402,"LOCAL GOVERNMENT ELECTION 2016",1,"Eastern Cape",1141,"EC156 - Mhlontlo",96967,3825,1994,53.3,154034,150209,195,195,TRUE,"2021-10-30T23:03:29.763",610,"CI - CIVIC INDEPENDENT",1449,3615,3360,8424,5.61,FALSE,NA
"73",402,"LOCAL GOVERNMENT ELECTION 2016",1,"Eastern Cape",1141,"EC156 - Mhlontlo",96967,3825,1994,53.3,154034,150209,195,195,TRUE,"2021-10-30T23:03:29.763",499,"COPE - CONGRESS  OF THE PEOPLE",255,313,260,828,0.55,FALSE,NA
"74",402,"LOCAL GOVERNMENT ELECTION 2016",1,"Eastern Cape",1141,"EC156 - Mhlontlo",96967,3825,1994,53.3,154034,150209,195,195,TRUE,"2021-10-30T23:03:29.763",330,"AIC - AFRICAN INDEPENDENT CONGRESS",0,0,2276,2276,1.52,FALSE,NA
"75",402,"LOCAL GOVERNMENT ELECTION 2016",1,"Eastern Cape",1141,"EC156 - Mhlontlo",96967,3825,1994,53.3,154034,150209,195,195,TRUE,"2021-10-30T23:03:29.763",456,"CASA - CIVIC ALLIANCE OF SOUTH AFRICA",0,0,103,103,0.07,FALSE,NA
"76",402,"LOCAL GOVERNMENT ELECTION 2016",1,"Eastern Cape",1141,"EC156 - Mhlontlo",96967,3825,1994,53.3,154034,150209,195,195,TRUE,"2021-10-30T23:03:29.763",8,"PAC - PAN AFRICANIST CONGRESS OF AZANIA",0,0,152,152,0.1,FALSE,NA
"77",402,"LOCAL GOVERNMENT ELECTION 2016",1,"Eastern Cape",1141,"EC156 - Mhlontlo",96967,3825,1994,53.3,154034,150209,195,195,TRUE,"2021-10-30T23:03:29.763",1059,"SASO - SOUTH AFRICAN SECURITY ORGANISATION",0,0,138,138,0.09,FALSE,NA
"78",402,"LOCAL GOVERNMENT ELECTION 2016",1,"Eastern Cape",1140,"EC155 - Nyandeni",134892,4895,2040,50.95,205088,200193,212,212,TRUE,"2021-10-30T23:03:29.733",7,"ANC - AFRICAN NATIONAL CONGRESS",55426,56583,54158,166167,83,FALSE,NA
"79",402,"LOCAL GOVERNMENT ELECTION 2016",1,"Eastern Cape",1140,"EC155 - Nyandeni",134892,4895,2040,50.95,205088,200193,212,212,TRUE,"2021-10-30T23:03:29.733",6,"UDM - UNITED DEMOCRATIC MOVEMENT",3394,3911,3792,11097,5.54,FALSE,NA
"80",402,"LOCAL GOVERNMENT ELECTION 2016",1,"Eastern Cape",1140,"EC155 - Nyandeni",134892,4895,2040,50.95,205088,200193,212,212,TRUE,"2021-10-30T23:03:29.733",0,"INDEPENDENT",2815,0,0,2815,1.41,FALSE,NA
"81",402,"LOCAL GOVERNMENT ELECTION 2016",1,"Eastern Cape",1140,"EC155 - Nyandeni",134892,4895,2040,50.95,205088,200193,212,212,TRUE,"2021-10-30T23:03:29.733",52,"DA - DEMOCRATIC ALLIANCE",2707,2767,2674,8148,4.07,FALSE,NA
"82",402,"LOCAL GOVERNMENT ELECTION 2016",1,"Eastern Cape",1140,"EC155 - Nyandeni",134892,4895,2040,50.95,205088,200193,212,212,TRUE,"2021-10-30T23:03:29.733",945,"EFF - ECONOMIC FREEDOM FIGHTERS",2572,2745,2763,8080,4.04,FALSE,NA
"83",402,"LOCAL GOVERNMENT ELECTION 2016",1,"Eastern Cape",1140,"EC155 - Nyandeni",134892,4895,2040,50.95,205088,200193,212,212,TRUE,"2021-10-30T23:03:29.733",1099,"UP - UNITED PARTY",264,377,0,641,0.32,FALSE,NA
"84",402,"LOCAL GOVERNMENT ELECTION 2016",1,"Eastern Cape",1140,"EC155 - Nyandeni",134892,4895,2040,50.95,205088,200193,212,212,TRUE,"2021-10-30T23:03:29.733",8,"PAC - PAN AFRICANIST CONGRESS OF AZANIA",73,322,327,722,0.36,FALSE,NA
"85",402,"LOCAL GOVERNMENT ELECTION 2016",1,"Eastern Cape",1140,"EC155 - Nyandeni",134892,4895,2040,50.95,205088,200193,212,212,TRUE,"2021-10-30T23:03:29.733",499,"COPE - CONGRESS  OF THE PEOPLE",40,0,254,294,0.15,FALSE,NA
"86",402,"LOCAL GOVERNMENT ELECTION 2016",1,"Eastern Cape",1140,"EC155 - Nyandeni",134892,4895,2040,50.95,205088,200193,212,212,TRUE,"2021-10-30T23:03:29.733",330,"AIC - AFRICAN INDEPENDENT CONGRESS",0,0,1986,1986,0.99,FALSE,NA
"87",402,"LOCAL GOVERNMENT ELECTION 2016",1,"Eastern Cape",1140,"EC155 - Nyandeni",134892,4895,2040,50.95,205088,200193,212,212,TRUE,"2021-10-30T23:03:29.733",456,"CASA - CIVIC ALLIANCE OF SOUTH AFRICA",0,0,91,91,0.05,FALSE,NA
"88",402,"LOCAL GOVERNMENT ELECTION 2016",1,"Eastern Cape",1140,"EC155 - Nyandeni",134892,4895,2040,50.95,205088,200193,212,212,TRUE,"2021-10-30T23:03:29.733",610,"CI - CIVIC INDEPENDENT",0,0,34,34,0.02,FALSE,NA
"89",402,"LOCAL GOVERNMENT ELECTION 2016",1,"Eastern Cape",1140,"EC155 - Nyandeni",134892,4895,2040,50.95,205088,200193,212,212,TRUE,"2021-10-30T23:03:29.733",1059,"SASO - SOUTH AFRICAN SECURITY ORGANISATION",0,0,118,118,0.06,FALSE,NA
"90",402,"LOCAL GOVERNMENT ELECTION 2016",1,"Eastern Cape",1139,"EC154 - Port St Johns",75867,2925,1146,56.17,127547,124622,113,113,TRUE,"2021-10-30T23:03:29.647",7,"ANC - AFRICAN NATIONAL CONGRESS",33072,33042,31848,97962,78.61,FALSE,NA
"91",402,"LOCAL GOVERNMENT ELECTION 2016",1,"Eastern Cape",1139,"EC154 - Port St Johns",75867,2925,1146,56.17,127547,124622,113,113,TRUE,"2021-10-30T23:03:29.647",610,"CI - CIVIC INDEPENDENT",2762,2588,2389,7739,6.21,FALSE,NA
"92",402,"LOCAL GOVERNMENT ELECTION 2016",1,"Eastern Cape",1139,"EC154 - Port St Johns",75867,2925,1146,56.17,127547,124622,113,113,TRUE,"2021-10-30T23:03:29.647",52,"DA - DEMOCRATIC ALLIANCE",2406,2340,2291,7037,5.65,FALSE,NA
"93",402,"LOCAL GOVERNMENT ELECTION 2016",1,"Eastern Cape",1139,"EC154 - Port St Johns",75867,2925,1146,56.17,127547,124622,113,113,TRUE,"2021-10-30T23:03:29.647",6,"UDM - UNITED DEMOCRATIC MOVEMENT",1692,1877,1820,5389,4.32,FALSE,NA
"94",402,"LOCAL GOVERNMENT ELECTION 2016",1,"Eastern Cape",1139,"EC154 - Port St Johns",75867,2925,1146,56.17,127547,124622,113,113,TRUE,"2021-10-30T23:03:29.647",945,"EFF - ECONOMIC FREEDOM FIGHTERS",1243,1184,1190,3617,2.9,FALSE,NA
"95",402,"LOCAL GOVERNMENT ELECTION 2016",1,"Eastern Cape",1139,"EC154 - Port St Johns",75867,2925,1146,56.17,127547,124622,113,113,TRUE,"2021-10-30T23:03:29.647",0,"INDEPENDENT",393,0,0,393,0.32,FALSE,NA
"96",402,"LOCAL GOVERNMENT ELECTION 2016",1,"Eastern Cape",1139,"EC154 - Port St Johns",75867,2925,1146,56.17,127547,124622,113,113,TRUE,"2021-10-30T23:03:29.647",499,"COPE - CONGRESS  OF THE PEOPLE",134,241,189,564,0.45,FALSE,NA
"97",402,"LOCAL GOVERNMENT ELECTION 2016",1,"Eastern Cape",1139,"EC154 - Port St Johns",75867,2925,1146,56.17,127547,124622,113,113,TRUE,"2021-10-30T23:03:29.647",18,"ACDP - AFRICAN CHRISTIAN DEMOCRATIC PARTY",14,83,0,97,0.08,FALSE,NA
"98",402,"LOCAL GOVERNMENT ELECTION 2016",1,"Eastern Cape",1139,"EC154 - Port St Johns",75867,2925,1146,56.17,127547,124622,113,113,TRUE,"2021-10-30T23:03:29.647",8,"PAC - PAN AFRICANIST CONGRESS OF AZANIA",9,121,92,222,0.18,FALSE,NA
"99",402,"LOCAL GOVERNMENT ELECTION 2016",1,"Eastern Cape",1139,"EC154 - Port St Johns",75867,2925,1146,56.17,127547,124622,113,113,TRUE,"2021-10-30T23:03:29.647",330,"AIC - AFRICAN INDEPENDENT CONGRESS",0,0,1266,1266,1.02,FALSE,NA
"100",402,"LOCAL GOVERNMENT ELECTION 2016",1,"Eastern Cape",1139,"EC154 - Port St Johns",75867,2925,1146,56.17,127547,124622,113,113,TRUE,"2021-10-30T23:03:29.647",456,"CASA - CIVIC ALLIANCE OF SOUTH AFRICA",0,0,208,208,0.17,FALSE,NA
"101",402,"LOCAL GOVERNMENT ELECTION 2016",1,"Eastern Cape",1139,"EC154 - Port St Johns",75867,2925,1146,56.17,127547,124622,113,113,TRUE,"2021-10-30T23:03:29.647",1059,"SASO - SOUTH AFRICAN SECURITY ORGANISATION",0,0,128,128,0.1,FALSE,NA
"102",402,"LOCAL GOVERNMENT ELECTION 2016",1,"Eastern Cape",1138,"EC153 - Ngquza Hill",136794,6561,1429,52.32,213075,206514,216,216,TRUE,"2021-10-30T23:03:29.613",7,"ANC - AFRICAN NATIONAL CONGRESS",57013,57800,57831,172644,83.6,FALSE,NA
"103",402,"LOCAL GOVERNMENT ELECTION 2016",1,"Eastern Cape",1138,"EC153 - Ngquza Hill",136794,6561,1429,52.32,213075,206514,216,216,TRUE,"2021-10-30T23:03:29.613",945,"EFF - ECONOMIC FREEDOM FIGHTERS",3897,4073,4109,12079,5.85,FALSE,NA
"104",402,"LOCAL GOVERNMENT ELECTION 2016",1,"Eastern Cape",1138,"EC153 - Ngquza Hill",136794,6561,1429,52.32,213075,206514,216,216,TRUE,"2021-10-30T23:03:29.613",52,"DA - DEMOCRATIC ALLIANCE",2491,2345,2323,7159,3.47,FALSE,NA
"105",402,"LOCAL GOVERNMENT ELECTION 2016",1,"Eastern Cape",1138,"EC153 - Ngquza Hill",136794,6561,1429,52.32,213075,206514,216,216,TRUE,"2021-10-30T23:03:29.613",0,"INDEPENDENT",1593,0,0,1593,0.77,FALSE,NA
"106",402,"LOCAL GOVERNMENT ELECTION 2016",1,"Eastern Cape",1138,"EC153 - Ngquza Hill",136794,6561,1429,52.32,213075,206514,216,216,TRUE,"2021-10-30T23:03:29.613",6,"UDM - UNITED DEMOCRATIC MOVEMENT",1442,1590,1438,4470,2.16,FALSE,NA
"107",402,"LOCAL GOVERNMENT ELECTION 2016",1,"Eastern Cape",1138,"EC153 - Ngquza Hill",136794,6561,1429,52.32,213075,206514,216,216,TRUE,"2021-10-30T23:03:29.613",450,"APC - AFRICAN PEOPLE'S CONVENTION",474,438,0,912,0.44,FALSE,NA
"108",402,"LOCAL GOVERNMENT ELECTION 2016",1,"Eastern Cape",1138,"EC153 - Ngquza Hill",136794,6561,1429,52.32,213075,206514,216,216,TRUE,"2021-10-30T23:03:29.613",499,"COPE - CONGRESS  OF THE PEOPLE",422,483,502,1407,0.68,FALSE,NA
"109",402,"LOCAL GOVERNMENT ELECTION 2016",1,"Eastern Cape",1138,"EC153 - Ngquza Hill",136794,6561,1429,52.32,213075,206514,216,216,TRUE,"2021-10-30T23:03:29.613",330,"AIC - AFRICAN INDEPENDENT CONGRESS",401,2046,2026,4473,2.17,FALSE,NA
"110",402,"LOCAL GOVERNMENT ELECTION 2016",1,"Eastern Cape",1138,"EC153 - Ngquza Hill",136794,6561,1429,52.32,213075,206514,216,216,TRUE,"2021-10-30T23:03:29.613",18,"ACDP - AFRICAN CHRISTIAN DEMOCRATIC PARTY",243,137,0,380,0.18,FALSE,NA
"111",402,"LOCAL GOVERNMENT ELECTION 2016",1,"Eastern Cape",1138,"EC153 - Ngquza Hill",136794,6561,1429,52.32,213075,206514,216,216,TRUE,"2021-10-30T23:03:29.613",997,"APSP - AFRICAN PEOPLE'S SOCIALIST PARTY",193,151,0,344,0.17,FALSE,NA
"112",402,"LOCAL GOVERNMENT ELECTION 2016",1,"Eastern Cape",1138,"EC153 - Ngquza Hill",136794,6561,1429,52.32,213075,206514,216,216,TRUE,"2021-10-30T23:03:29.613",8,"PAC - PAN AFRICANIST CONGRESS OF AZANIA",81,208,358,647,0.31,FALSE,NA
"113",402,"LOCAL GOVERNMENT ELECTION 2016",1,"Eastern Cape",1138,"EC153 - Ngquza Hill",136794,6561,1429,52.32,213075,206514,216,216,TRUE,"2021-10-30T23:03:29.613",456,"CASA - CIVIC ALLIANCE OF SOUTH AFRICA",0,0,131,131,0.06,FALSE,NA
"114",402,"LOCAL GOVERNMENT ELECTION 2016",1,"Eastern Cape",1138,"EC153 - Ngquza Hill",136794,6561,1429,52.32,213075,206514,216,216,TRUE,"2021-10-30T23:03:29.613",610,"CI - CIVIC INDEPENDENT",0,0,75,75,0.04,FALSE,NA
"115",402,"LOCAL GOVERNMENT ELECTION 2016",1,"Eastern Cape",1138,"EC153 - Ngquza Hill",136794,6561,1429,52.32,213075,206514,216,216,TRUE,"2021-10-30T23:03:29.613",1059,"SASO - SOUTH AFRICAN SECURITY ORGANISATION",0,0,200,200,0.1,FALSE,NA
"116",402,"LOCAL GOVERNMENT ELECTION 2016",1,"Eastern Cape",1148,"EC145 - Maletswai/Gariep",36607,1235,414,57.34,62786,61551,44,44,TRUE,"2021-10-30T23:03:28.96",7,"ANC - AFRICAN NATIONAL CONGRESS",13686,13805,12777,40268,65.42,FALSE,NA
"117",402,"LOCAL GOVERNMENT ELECTION 2016",1,"Eastern Cape",1148,"EC145 - Maletswai/Gariep",36607,1235,414,57.34,62786,61551,44,44,TRUE,"2021-10-30T23:03:28.96",52,"DA - DEMOCRATIC ALLIANCE",4638,4630,4643,13911,22.6,FALSE,NA
"118",402,"LOCAL GOVERNMENT ELECTION 2016",1,"Eastern Cape",1148,"EC145 - Maletswai/Gariep",36607,1235,414,57.34,62786,61551,44,44,TRUE,"2021-10-30T23:03:28.96",945,"EFF - ECONOMIC FREEDOM FIGHTERS",1158,1173,1077,3408,5.54,FALSE,NA
"119",402,"LOCAL GOVERNMENT ELECTION 2016",1,"Eastern Cape",1148,"EC145 - Maletswai/Gariep",36607,1235,414,57.34,62786,61551,44,44,TRUE,"2021-10-30T23:03:28.96",926,"MALETSWAI CIVIC ASSOCIATION",878,1030,923,2831,4.6,FALSE,NA
"120",402,"LOCAL GOVERNMENT ELECTION 2016",1,"Eastern Cape",1148,"EC145 - Maletswai/Gariep",36607,1235,414,57.34,62786,61551,44,44,TRUE,"2021-10-30T23:03:28.96",568,"URF - UNITED RESIDENTS FRONT",62,0,0,62,0.1,FALSE,NA
"121",402,"LOCAL GOVERNMENT ELECTION 2016",1,"Eastern Cape",1148,"EC145 - Maletswai/Gariep",36607,1235,414,57.34,62786,61551,44,44,TRUE,"2021-10-30T23:03:28.96",0,"INDEPENDENT",51,0,0,51,0.08,FALSE,NA
"122",402,"LOCAL GOVERNMENT ELECTION 2016",1,"Eastern Cape",1148,"EC145 - Maletswai/Gariep",36607,1235,414,57.34,62786,61551,44,44,TRUE,"2021-10-30T23:03:28.96",330,"AIC - AFRICAN INDEPENDENT CONGRESS",0,0,724,724,1.18,FALSE,NA
"123",402,"LOCAL GOVERNMENT ELECTION 2016",1,"Eastern Cape",1148,"EC145 - Maletswai/Gariep",36607,1235,414,57.34,62786,61551,44,44,TRUE,"2021-10-30T23:03:28.96",1020,"CIVIC - STERKSPRUIT CIVIC ASSOCIATION",0,0,216,216,0.35,FALSE,NA
"124",402,"LOCAL GOVERNMENT ELECTION 2016",1,"Eastern Cape",1148,"EC145 - Maletswai/Gariep",36607,1235,414,57.34,62786,61551,44,44,TRUE,"2021-10-30T23:03:28.96",1012,"SDF - STERKSPRUIT DEVELOPMENT FORUM",0,0,16,16,0.03,FALSE,NA
"125",402,"LOCAL GOVERNMENT ELECTION 2016",1,"Eastern Cape",1148,"EC145 - Maletswai/Gariep",36607,1235,414,57.34,62786,61551,44,44,TRUE,"2021-10-30T23:03:28.96",6,"UDM - UNITED DEMOCRATIC MOVEMENT",0,0,64,64,0.1,FALSE,NA
"126",402,"LOCAL GOVERNMENT ELECTION 2016",1,"Eastern Cape",1132,"EC142 - Senqu",64675,2253,1066,58.2,112176,109923,95,95,TRUE,"2021-10-30T23:03:28.93",7,"ANC - AFRICAN NATIONAL CONGRESS",24725,25019,23711,73455,66.82,FALSE,NA
"127",402,"LOCAL GOVERNMENT ELECTION 2016",1,"Eastern Cape",1132,"EC142 - Senqu",64675,2253,1066,58.2,112176,109923,95,95,TRUE,"2021-10-30T23:03:28.93",1020,"CIVIC - STERKSPRUIT CIVIC ASSOCIATION",8478,8518,8353,25349,23.06,FALSE,NA
"128",402,"LOCAL GOVERNMENT ELECTION 2016",1,"Eastern Cape",1132,"EC142 - Senqu",64675,2253,1066,58.2,112176,109923,95,95,TRUE,"2021-10-30T23:03:28.93",52,"DA - DEMOCRATIC ALLIANCE",1488,1519,1482,4489,4.08,FALSE,NA
"129",402,"LOCAL GOVERNMENT ELECTION 2016",1,"Eastern Cape",1132,"EC142 - Senqu",64675,2253,1066,58.2,112176,109923,95,95,TRUE,"2021-10-30T23:03:28.93",945,"EFF - ECONOMIC FREEDOM FIGHTERS",1371,1128,1252,3751,3.41,FALSE,NA
"130",402,"LOCAL GOVERNMENT ELECTION 2016",1,"Eastern Cape",1132,"EC142 - Senqu",64675,2253,1066,58.2,112176,109923,95,95,TRUE,"2021-10-30T23:03:28.93",0,"INDEPENDENT",536,0,0,536,0.49,FALSE,NA
"131",402,"LOCAL GOVERNMENT ELECTION 2016",1,"Eastern Cape",1132,"EC142 - Senqu",64675,2253,1066,58.2,112176,109923,95,95,TRUE,"2021-10-30T23:03:28.93",1012,"SDF - STERKSPRUIT DEVELOPMENT FORUM",158,155,139,452,0.41,FALSE,NA
"132",402,"LOCAL GOVERNMENT ELECTION 2016",1,"Eastern Cape",1132,"EC142 - Senqu",64675,2253,1066,58.2,112176,109923,95,95,TRUE,"2021-10-30T23:03:28.93",6,"UDM - UNITED DEMOCRATIC MOVEMENT",44,271,248,563,0.51,FALSE,NA
"133",402,"LOCAL GOVERNMENT ELECTION 2016",1,"Eastern Cape",1132,"EC142 - Senqu",64675,2253,1066,58.2,112176,109923,95,95,TRUE,"2021-10-30T23:03:28.93",330,"AIC - AFRICAN INDEPENDENT CONGRESS",0,0,1234,1234,1.12,FALSE,NA
"134",402,"LOCAL GOVERNMENT ELECTION 2016",1,"Eastern Cape",1132,"EC142 - Senqu",64675,2253,1066,58.2,112176,109923,95,95,TRUE,"2021-10-30T23:03:28.93",926,"MALETSWAI CIVIC ASSOCIATION",0,0,94,94,0.09,FALSE,NA
"135",402,"LOCAL GOVERNMENT ELECTION 2016",1,"Eastern Cape",1131,"EC141 - Elundini",63893,3050,908,54.88,104357,101307,158,158,TRUE,"2021-10-30T23:03:28.89",7,"ANC - AFRICAN NATIONAL CONGRESS",28263,28375,28121,84759,83.67,FALSE,NA
"136",402,"LOCAL GOVERNMENT ELECTION 2016",1,"Eastern Cape",1131,"EC141 - Elundini",63893,3050,908,54.88,104357,101307,158,158,TRUE,"2021-10-30T23:03:28.89",52,"DA - DEMOCRATIC ALLIANCE",1861,1767,1818,5446,5.38,FALSE,NA
"137",402,"LOCAL GOVERNMENT ELECTION 2016",1,"Eastern Cape",1131,"EC141 - Elundini",63893,3050,908,54.88,104357,101307,158,158,TRUE,"2021-10-30T23:03:28.89",945,"EFF - ECONOMIC FREEDOM FIGHTERS",1125,1393,1416,3934,3.88,FALSE,NA
"138",402,"LOCAL GOVERNMENT ELECTION 2016",1,"Eastern Cape",1131,"EC141 - Elundini",63893,3050,908,54.88,104357,101307,158,158,TRUE,"2021-10-30T23:03:28.89",0,"INDEPENDENT",1124,0,0,1124,1.11,FALSE,NA
"139",402,"LOCAL GOVERNMENT ELECTION 2016",1,"Eastern Cape",1131,"EC141 - Elundini",63893,3050,908,54.88,104357,101307,158,158,TRUE,"2021-10-30T23:03:28.89",330,"AIC - AFRICAN INDEPENDENT CONGRESS",922,1196,1500,3618,3.57,FALSE,NA
"140",402,"LOCAL GOVERNMENT ELECTION 2016",1,"Eastern Cape",1131,"EC141 - Elundini",63893,3050,908,54.88,104357,101307,158,158,TRUE,"2021-10-30T23:03:28.89",6,"UDM - UNITED DEMOCRATIC MOVEMENT",405,719,713,1837,1.81,FALSE,NA
"141",402,"LOCAL GOVERNMENT ELECTION 2016",1,"Eastern Cape",1131,"EC141 - Elundini",63893,3050,908,54.88,104357,101307,158,158,TRUE,"2021-10-30T23:03:28.89",8,"PAC - PAN AFRICANIST CONGRESS OF AZANIA",78,93,0,171,0.17,FALSE,NA
"142",402,"LOCAL GOVERNMENT ELECTION 2016",1,"Eastern Cape",1131,"EC141 - Elundini",63893,3050,908,54.88,104357,101307,158,158,TRUE,"2021-10-30T23:03:28.89",450,"APC - AFRICAN PEOPLE'S CONVENTION",77,201,0,278,0.27,FALSE,NA
"143",402,"LOCAL GOVERNMENT ELECTION 2016",1,"Eastern Cape",1131,"EC141 - Elundini",63893,3050,908,54.88,104357,101307,158,158,TRUE,"2021-10-30T23:03:28.89",1020,"CIVIC - STERKSPRUIT CIVIC ASSOCIATION",0,0,56,56,0.06,FALSE,NA
"144",402,"LOCAL GOVERNMENT ELECTION 2016",1,"Eastern Cape",1131,"EC141 - Elundini",63893,3050,908,54.88,104357,101307,158,158,TRUE,"2021-10-30T23:03:28.89",926,"MALETSWAI CIVIC ASSOCIATION",0,0,50,50,0.05,FALSE,NA
"145",402,"LOCAL GOVERNMENT ELECTION 2016",1,"Eastern Cape",1131,"EC141 - Elundini",63893,3050,908,54.88,104357,101307,158,158,TRUE,"2021-10-30T23:03:28.89",1012,"SDF - STERKSPRUIT DEVELOPMENT FORUM",0,0,34,34,0.03,FALSE,NA
"146",402,"LOCAL GOVERNMENT ELECTION 2016",1,"Eastern Cape",1149,"EC139 - Tsolwana/Inkwanca/Lukanji",123599,3317,1243,53.75,198797,195480,174,174,TRUE,"2021-10-30T23:03:28.61",7,"ANC - AFRICAN NATIONAL CONGRESS",48234,47997,44280,140511,71.88,FALSE,NA
"147",402,"LOCAL GOVERNMENT ELECTION 2016",1,"Eastern Cape",1149,"EC139 - Tsolwana/Inkwanca/Lukanji",123599,3317,1243,53.75,198797,195480,174,174,TRUE,"2021-10-30T23:03:28.61",52,"DA - DEMOCRATIC ALLIANCE",8399,8710,8718,25827,13.21,FALSE,NA
"148",402,"LOCAL GOVERNMENT ELECTION 2016",1,"Eastern Cape",1149,"EC139 - Tsolwana/Inkwanca/Lukanji",123599,3317,1243,53.75,198797,195480,174,174,TRUE,"2021-10-30T23:03:28.61",945,"EFF - ECONOMIC FREEDOM FIGHTERS",5119,5142,5170,15431,7.89,FALSE,NA
"149",402,"LOCAL GOVERNMENT ELECTION 2016",1,"Eastern Cape",1149,"EC139 - Tsolwana/Inkwanca/Lukanji",123599,3317,1243,53.75,198797,195480,174,174,TRUE,"2021-10-30T23:03:28.61",1115,"UFEC - UNITED FRONT OF THE EASTERN CAPE",1085,1111,1127,3323,1.7,FALSE,NA
"150",402,"LOCAL GOVERNMENT ELECTION 2016",1,"Eastern Cape",1149,"EC139 - Tsolwana/Inkwanca/Lukanji",123599,3317,1243,53.75,198797,195480,174,174,TRUE,"2021-10-30T23:03:28.61",6,"UDM - UNITED DEMOCRATIC MOVEMENT",704,954,962,2620,1.34,FALSE,NA
"151",402,"LOCAL GOVERNMENT ELECTION 2016",1,"Eastern Cape",1149,"EC139 - Tsolwana/Inkwanca/Lukanji",123599,3317,1243,53.75,198797,195480,174,174,TRUE,"2021-10-30T23:03:28.61",499,"COPE - CONGRESS  OF THE PEOPLE",630,840,730,2200,1.13,FALSE,NA
"152",402,"LOCAL GOVERNMENT ELECTION 2016",1,"Eastern Cape",1149,"EC139 - Tsolwana/Inkwanca/Lukanji",123599,3317,1243,53.75,198797,195480,174,174,TRUE,"2021-10-30T23:03:28.61",326,"IRASA - INDEPENDENT RATEPAYERS ASSOCIATION OF SA",353,218,289,860,0.44,FALSE,NA
"153",402,"LOCAL GOVERNMENT ELECTION 2016",1,"Eastern Cape",1149,"EC139 - Tsolwana/Inkwanca/Lukanji",123599,3317,1243,53.75,198797,195480,174,174,TRUE,"2021-10-30T23:03:28.61",8,"PAC - PAN AFRICANIST CONGRESS OF AZANIA",152,336,0,488,0.25,FALSE,NA
"154",402,"LOCAL GOVERNMENT ELECTION 2016",1,"Eastern Cape",1149,"EC139 - Tsolwana/Inkwanca/Lukanji",123599,3317,1243,53.75,198797,195480,174,174,TRUE,"2021-10-30T23:03:28.61",4,"VF PLUS - VRYHEIDSFRONT PLUS",140,142,129,411,0.21,FALSE,NA
"155",402,"LOCAL GOVERNMENT ELECTION 2016",1,"Eastern Cape",1149,"EC139 - Tsolwana/Inkwanca/Lukanji",123599,3317,1243,53.75,198797,195480,174,174,TRUE,"2021-10-30T23:03:28.61",0,"INDEPENDENT",111,0,0,111,0.06,FALSE,NA
"156",402,"LOCAL GOVERNMENT ELECTION 2016",1,"Eastern Cape",1149,"EC139 - Tsolwana/Inkwanca/Lukanji",123599,3317,1243,53.75,198797,195480,174,174,TRUE,"2021-10-30T23:03:28.61",330,"AIC - AFRICAN INDEPENDENT CONGRESS",0,0,3698,3698,1.89,FALSE,NA
"157",402,"LOCAL GOVERNMENT ELECTION 2016",1,"Eastern Cape",1129,"EC138 - Sakhisizwe",30632,1925,273,55.12,50800,48875,61,61,TRUE,"2021-10-30T23:03:28.513",7,"ANC - AFRICAN NATIONAL CONGRESS",13491,13287,12524,39302,80.41,FALSE,NA
"158",402,"LOCAL GOVERNMENT ELECTION 2016",1,"Eastern Cape",1129,"EC138 - Sakhisizwe",30632,1925,273,55.12,50800,48875,61,61,TRUE,"2021-10-30T23:03:28.513",52,"DA - DEMOCRATIC ALLIANCE",1158,1152,1177,3487,7.13,FALSE,NA
"159",402,"LOCAL GOVERNMENT ELECTION 2016",1,"Eastern Cape",1129,"EC138 - Sakhisizwe",30632,1925,273,55.12,50800,48875,61,61,TRUE,"2021-10-30T23:03:28.513",945,"EFF - ECONOMIC FREEDOM FIGHTERS",739,750,737,2226,4.55,FALSE,NA
"160",402,"LOCAL GOVERNMENT ELECTION 2016",1,"Eastern Cape",1129,"EC138 - Sakhisizwe",30632,1925,273,55.12,50800,48875,61,61,TRUE,"2021-10-30T23:03:28.513",6,"UDM - UNITED DEMOCRATIC MOVEMENT",437,449,485,1371,2.81,FALSE,NA
"161",402,"LOCAL GOVERNMENT ELECTION 2016",1,"Eastern Cape",1129,"EC138 - Sakhisizwe",30632,1925,273,55.12,50800,48875,61,61,TRUE,"2021-10-30T23:03:28.513",499,"COPE - CONGRESS  OF THE PEOPLE",272,257,291,820,1.68,FALSE,NA
"162",402,"LOCAL GOVERNMENT ELECTION 2016",1,"Eastern Cape",1129,"EC138 - Sakhisizwe",30632,1925,273,55.12,50800,48875,61,61,TRUE,"2021-10-30T23:03:28.513",8,"PAC - PAN AFRICANIST CONGRESS OF AZANIA",149,125,0,274,0.56,FALSE,NA
"163",402,"LOCAL GOVERNMENT ELECTION 2016",1,"Eastern Cape",1129,"EC138 - Sakhisizwe",30632,1925,273,55.12,50800,48875,61,61,TRUE,"2021-10-30T23:03:28.513",450,"APC - AFRICAN PEOPLE'S CONVENTION",129,153,0,282,0.58,FALSE,NA
"164",402,"LOCAL GOVERNMENT ELECTION 2016",1,"Eastern Cape",1129,"EC138 - Sakhisizwe",30632,1925,273,55.12,50800,48875,61,61,TRUE,"2021-10-30T23:03:28.513",503,"PAM - PAN AFRICANIST MOVEMENT",19,63,0,82,0.17,FALSE,NA
"165",402,"LOCAL GOVERNMENT ELECTION 2016",1,"Eastern Cape",1129,"EC138 - Sakhisizwe",30632,1925,273,55.12,50800,48875,61,61,TRUE,"2021-10-30T23:03:28.513",330,"AIC - AFRICAN INDEPENDENT CONGRESS",0,0,961,961,1.97,FALSE,NA
"166",402,"LOCAL GOVERNMENT ELECTION 2016",1,"Eastern Cape",1129,"EC138 - Sakhisizwe",30632,1925,273,55.12,50800,48875,61,61,TRUE,"2021-10-30T23:03:28.513",326,"IRASA - INDEPENDENT RATEPAYERS ASSOCIATION OF SA",0,0,14,14,0.03,FALSE,NA
"167",402,"LOCAL GOVERNMENT ELECTION 2016",1,"Eastern Cape",1129,"EC138 - Sakhisizwe",30632,1925,273,55.12,50800,48875,61,61,TRUE,"2021-10-30T23:03:28.513",1115,"UFEC - UNITED FRONT OF THE EASTERN CAPE",0,0,20,20,0.04,FALSE,NA
"168",402,"LOCAL GOVERNMENT ELECTION 2016",1,"Eastern Cape",1129,"EC138 - Sakhisizwe",30632,1925,273,55.12,50800,48875,61,61,TRUE,"2021-10-30T23:03:28.513",4,"VF PLUS - VRYHEIDSFRONT PLUS",0,0,36,36,0.07,FALSE,NA
"169",402,"LOCAL GOVERNMENT ELECTION 2016",1,"Eastern Cape",1128,"EC137 - Engcobo",73494,2634,863,52,113737,111103,140,140,TRUE,"2021-10-30T23:03:28.48",7,"ANC - AFRICAN NATIONAL CONGRESS",31044,30492,30440,91976,82.78,FALSE,NA
"170",402,"LOCAL GOVERNMENT ELECTION 2016",1,"Eastern Cape",1128,"EC137 - Engcobo",73494,2634,863,52,113737,111103,140,140,TRUE,"2021-10-30T23:03:28.48",6,"UDM - UNITED DEMOCRATIC MOVEMENT",2199,2254,2351,6804,6.12,FALSE,NA
"171",402,"LOCAL GOVERNMENT ELECTION 2016",1,"Eastern Cape",1128,"EC137 - Engcobo",73494,2634,863,52,113737,111103,140,140,TRUE,"2021-10-30T23:03:28.48",945,"EFF - ECONOMIC FREEDOM FIGHTERS",1331,1545,1565,4441,4,FALSE,NA
"172",402,"LOCAL GOVERNMENT ELECTION 2016",1,"Eastern Cape",1128,"EC137 - Engcobo",73494,2634,863,52,113737,111103,140,140,TRUE,"2021-10-30T23:03:28.48",0,"INDEPENDENT",877,0,0,877,0.79,FALSE,NA
"173",402,"LOCAL GOVERNMENT ELECTION 2016",1,"Eastern Cape",1128,"EC137 - Engcobo",73494,2634,863,52,113737,111103,140,140,TRUE,"2021-10-30T23:03:28.48",52,"DA - DEMOCRATIC ALLIANCE",760,646,682,2088,1.88,FALSE,NA
"174",402,"LOCAL GOVERNMENT ELECTION 2016",1,"Eastern Cape",1128,"EC137 - Engcobo",73494,2634,863,52,113737,111103,140,140,TRUE,"2021-10-30T23:03:28.48",330,"AIC - AFRICAN INDEPENDENT CONGRESS",317,476,1364,2157,1.94,FALSE,NA
"175",402,"LOCAL GOVERNMENT ELECTION 2016",1,"Eastern Cape",1128,"EC137 - Engcobo",73494,2634,863,52,113737,111103,140,140,TRUE,"2021-10-30T23:03:28.48",8,"PAC - PAN AFRICANIST CONGRESS OF AZANIA",296,222,0,518,0.47,FALSE,NA
"176",402,"LOCAL GOVERNMENT ELECTION 2016",1,"Eastern Cape",1128,"EC137 - Engcobo",73494,2634,863,52,113737,111103,140,140,TRUE,"2021-10-30T23:03:28.48",450,"APC - AFRICAN PEOPLE'S CONVENTION",226,268,0,494,0.44,FALSE,NA
"177",402,"LOCAL GOVERNMENT ELECTION 2016",1,"Eastern Cape",1128,"EC137 - Engcobo",73494,2634,863,52,113737,111103,140,140,TRUE,"2021-10-30T23:03:28.48",1115,"UFEC - UNITED FRONT OF THE EASTERN CAPE",154,550,502,1206,1.09,FALSE,NA
"178",402,"LOCAL GOVERNMENT ELECTION 2016",1,"Eastern Cape",1128,"EC137 - Engcobo",73494,2634,863,52,113737,111103,140,140,TRUE,"2021-10-30T23:03:28.48",503,"PAM - PAN AFRICANIST MOVEMENT",56,160,0,216,0.19,FALSE,NA
"179",402,"LOCAL GOVERNMENT ELECTION 2016",1,"Eastern Cape",1128,"EC137 - Engcobo",73494,2634,863,52,113737,111103,140,140,TRUE,"2021-10-30T23:03:28.48",499,"COPE - CONGRESS  OF THE PEOPLE",0,0,243,243,0.22,FALSE,NA
"180",402,"LOCAL GOVERNMENT ELECTION 2016",1,"Eastern Cape",1128,"EC137 - Engcobo",73494,2634,863,52,113737,111103,140,140,TRUE,"2021-10-30T23:03:28.48",326,"IRASA - INDEPENDENT RATEPAYERS ASSOCIATION OF SA",0,0,45,45,0.04,FALSE,NA
"181",402,"LOCAL GOVERNMENT ELECTION 2016",1,"Eastern Cape",1128,"EC137 - Engcobo",73494,2634,863,52,113737,111103,140,140,TRUE,"2021-10-30T23:03:28.48",4,"VF PLUS - VRYHEIDSFRONT PLUS",0,0,38,38,0.03,FALSE,NA
"182",402,"LOCAL GOVERNMENT ELECTION 2016",1,"Eastern Cape",1127,"EC136 - Emalahleni",61471,2653,1424,59.83,110143,107490,160,160,TRUE,"2021-10-30T23:03:28.453",7,"ANC - AFRICAN NATIONAL CONGRESS",29489,29449,28054,86992,80.93,FALSE,NA
"183",402,"LOCAL GOVERNMENT ELECTION 2016",1,"Eastern Cape",1127,"EC136 - Emalahleni",61471,2653,1424,59.83,110143,107490,160,160,TRUE,"2021-10-30T23:03:28.453",52,"DA - DEMOCRATIC ALLIANCE",4201,4019,4082,12302,11.44,FALSE,NA
"184",402,"LOCAL GOVERNMENT ELECTION 2016",1,"Eastern Cape",1127,"EC136 - Emalahleni",61471,2653,1424,59.83,110143,107490,160,160,TRUE,"2021-10-30T23:03:28.453",945,"EFF - ECONOMIC FREEDOM FIGHTERS",912,983,1028,2923,2.72,FALSE,NA
"185",402,"LOCAL GOVERNMENT ELECTION 2016",1,"Eastern Cape",1127,"EC136 - Emalahleni",61471,2653,1424,59.83,110143,107490,160,160,TRUE,"2021-10-30T23:03:28.453",6,"UDM - UNITED DEMOCRATIC MOVEMENT",783,733,786,2302,2.14,FALSE,NA
"186",402,"LOCAL GOVERNMENT ELECTION 2016",1,"Eastern Cape",1127,"EC136 - Emalahleni",61471,2653,1424,59.83,110143,107490,160,160,TRUE,"2021-10-30T23:03:28.453",450,"APC - AFRICAN PEOPLE'S CONVENTION",252,282,0,534,0.5,FALSE,NA
"187",402,"LOCAL GOVERNMENT ELECTION 2016",1,"Eastern Cape",1127,"EC136 - Emalahleni",61471,2653,1424,59.83,110143,107490,160,160,TRUE,"2021-10-30T23:03:28.453",503,"PAM - PAN AFRICANIST MOVEMENT",181,243,0,424,0.39,FALSE,NA
"188",402,"LOCAL GOVERNMENT ELECTION 2016",1,"Eastern Cape",1127,"EC136 - Emalahleni",61471,2653,1424,59.83,110143,107490,160,160,TRUE,"2021-10-30T23:03:28.453",499,"COPE - CONGRESS  OF THE PEOPLE",63,122,186,371,0.35,FALSE,NA
"189",402,"LOCAL GOVERNMENT ELECTION 2016",1,"Eastern Cape",1127,"EC136 - Emalahleni",61471,2653,1424,59.83,110143,107490,160,160,TRUE,"2021-10-30T23:03:28.453",330,"AIC - AFRICAN INDEPENDENT CONGRESS",0,0,1545,1545,1.44,FALSE,NA
"190",402,"LOCAL GOVERNMENT ELECTION 2016",1,"Eastern Cape",1127,"EC136 - Emalahleni",61471,2653,1424,59.83,110143,107490,160,160,TRUE,"2021-10-30T23:03:28.453",326,"IRASA - INDEPENDENT RATEPAYERS ASSOCIATION OF SA",0,0,28,28,0.03,FALSE,NA
"191",402,"LOCAL GOVERNMENT ELECTION 2016",1,"Eastern Cape",1127,"EC136 - Emalahleni",61471,2653,1424,59.83,110143,107490,160,160,TRUE,"2021-10-30T23:03:28.453",1115,"UFEC - UNITED FRONT OF THE EASTERN CAPE",0,0,30,30,0.03,FALSE,NA
"192",402,"LOCAL GOVERNMENT ELECTION 2016",1,"Eastern Cape",1127,"EC136 - Emalahleni",61471,2653,1424,59.83,110143,107490,160,160,TRUE,"2021-10-30T23:03:28.453",4,"VF PLUS - VRYHEIDSFRONT PLUS",0,0,39,39,0.04,FALSE,NA
"193",402,"LOCAL GOVERNMENT ELECTION 2016",1,"Eastern Cape",1126,"EC135 - Intsika Yethu",77938,3340,2161,58.15,135514,132174,178,178,TRUE,"2021-10-30T23:03:28.423",7,"ANC - AFRICAN NATIONAL CONGRESS",35330,36163,34423,105916,80.13,FALSE,NA
"194",402,"LOCAL GOVERNMENT ELECTION 2016",1,"Eastern Cape",1126,"EC135 - Intsika Yethu",77938,3340,2161,58.15,135514,132174,178,178,TRUE,"2021-10-30T23:03:28.423",0,"INDEPENDENT",2816,0,0,2816,2.13,FALSE,NA
"195",402,"LOCAL GOVERNMENT ELECTION 2016",1,"Eastern Cape",1126,"EC135 - Intsika Yethu",77938,3340,2161,58.15,135514,132174,178,178,TRUE,"2021-10-30T23:03:28.423",945,"EFF - ECONOMIC FREEDOM FIGHTERS",2755,2890,2961,8606,6.51,FALSE,NA
"196",402,"LOCAL GOVERNMENT ELECTION 2016",1,"Eastern Cape",1126,"EC135 - Intsika Yethu",77938,3340,2161,58.15,135514,132174,178,178,TRUE,"2021-10-30T23:03:28.423",6,"UDM - UNITED DEMOCRATIC MOVEMENT",1409,2331,2599,6339,4.8,FALSE,NA
"197",402,"LOCAL GOVERNMENT ELECTION 2016",1,"Eastern Cape",1126,"EC135 - Intsika Yethu",77938,3340,2161,58.15,135514,132174,178,178,TRUE,"2021-10-30T23:03:28.423",52,"DA - DEMOCRATIC ALLIANCE",974,1027,1113,3114,2.36,FALSE,NA
"198",402,"LOCAL GOVERNMENT ELECTION 2016",1,"Eastern Cape",1126,"EC135 - Intsika Yethu",77938,3340,2161,58.15,135514,132174,178,178,TRUE,"2021-10-30T23:03:28.423",8,"PAC - PAN AFRICANIST CONGRESS OF AZANIA",346,597,0,943,0.71,FALSE,NA
"199",402,"LOCAL GOVERNMENT ELECTION 2016",1,"Eastern Cape",1126,"EC135 - Intsika Yethu",77938,3340,2161,58.15,135514,132174,178,178,TRUE,"2021-10-30T23:03:28.423",450,"APC - AFRICAN PEOPLE'S CONVENTION",279,418,0,697,0.53,FALSE,NA
"200",402,"LOCAL GOVERNMENT ELECTION 2016",1,"Eastern Cape",1126,"EC135 - Intsika Yethu",77938,3340,2161,58.15,135514,132174,178,178,TRUE,"2021-10-30T23:03:28.423",503,"PAM - PAN AFRICANIST MOVEMENT",126,341,0,467,0.35,FALSE,NA
"201",402,"LOCAL GOVERNMENT ELECTION 2016",1,"Eastern Cape",1126,"EC135 - Intsika Yethu",77938,3340,2161,58.15,135514,132174,178,178,TRUE,"2021-10-30T23:03:28.423",3,"IFP - INKATHA FREEDOM PARTY",26,91,0,117,0.09,FALSE,NA
"202",402,"LOCAL GOVERNMENT ELECTION 2016",1,"Eastern Cape",1126,"EC135 - Intsika Yethu",77938,3340,2161,58.15,135514,132174,178,178,TRUE,"2021-10-30T23:03:28.423",499,"COPE - CONGRESS  OF THE PEOPLE",19,338,406,763,0.58,FALSE,NA
"203",402,"LOCAL GOVERNMENT ELECTION 2016",1,"Eastern Cape",1126,"EC135 - Intsika Yethu",77938,3340,2161,58.15,135514,132174,178,178,TRUE,"2021-10-30T23:03:28.423",330,"AIC - AFRICAN INDEPENDENT CONGRESS",0,0,2148,2148,1.63,FALSE,NA
"204",402,"LOCAL GOVERNMENT ELECTION 2016",1,"Eastern Cape",1126,"EC135 - Intsika Yethu",77938,3340,2161,58.15,135514,132174,178,178,TRUE,"2021-10-30T23:03:28.423",326,"IRASA - INDEPENDENT RATEPAYERS ASSOCIATION OF SA",0,0,102,102,0.08,FALSE,NA
"205",402,"LOCAL GOVERNMENT ELECTION 2016",1,"Eastern Cape",1126,"EC135 - Intsika Yethu",77938,3340,2161,58.15,135514,132174,178,178,TRUE,"2021-10-30T23:03:28.423",1115,"UFEC - UNITED FRONT OF THE EASTERN CAPE",0,0,89,89,0.07,FALSE,NA
"206",402,"LOCAL GOVERNMENT ELECTION 2016",1,"Eastern Cape",1126,"EC135 - Intsika Yethu",77938,3340,2161,58.15,135514,132174,178,178,TRUE,"2021-10-30T23:03:28.423",4,"VF PLUS - VRYHEIDSFRONT PLUS",0,0,57,57,0.04,FALSE,NA
"207",402,"LOCAL GOVERNMENT ELECTION 2016",1,"Eastern Cape",1122,"EC131 - Inxuba Yethemba",30907,1096,503,56.86,52721,51625,35,35,TRUE,"2021-10-30T23:03:28.39",7,"ANC - AFRICAN NATIONAL CONGRESS",10045,10106,9098,29249,56.66,FALSE,NA
"208",402,"LOCAL GOVERNMENT ELECTION 2016",1,"Eastern Cape",1122,"EC131 - Inxuba Yethemba",30907,1096,503,56.86,52721,51625,35,35,TRUE,"2021-10-30T23:03:28.39",52,"DA - DEMOCRATIC ALLIANCE",6730,6728,6540,19998,38.74,FALSE,NA
"209",402,"LOCAL GOVERNMENT ELECTION 2016",1,"Eastern Cape",1122,"EC131 - Inxuba Yethemba",30907,1096,503,56.86,52721,51625,35,35,TRUE,"2021-10-30T23:03:28.39",945,"EFF - ECONOMIC FREEDOM FIGHTERS",428,470,439,1337,2.59,FALSE,NA
"210",402,"LOCAL GOVERNMENT ELECTION 2016",1,"Eastern Cape",1122,"EC131 - Inxuba Yethemba",30907,1096,503,56.86,52721,51625,35,35,TRUE,"2021-10-30T23:03:28.39",330,"AIC - AFRICAN INDEPENDENT CONGRESS",0,0,731,731,1.42,FALSE,NA
"211",402,"LOCAL GOVERNMENT ELECTION 2016",1,"Eastern Cape",1122,"EC131 - Inxuba Yethemba",30907,1096,503,56.86,52721,51625,35,35,TRUE,"2021-10-30T23:03:28.39",499,"COPE - CONGRESS  OF THE PEOPLE",0,0,96,96,0.19,FALSE,NA
"212",402,"LOCAL GOVERNMENT ELECTION 2016",1,"Eastern Cape",1122,"EC131 - Inxuba Yethemba",30907,1096,503,56.86,52721,51625,35,35,TRUE,"2021-10-30T23:03:28.39",326,"IRASA - INDEPENDENT RATEPAYERS ASSOCIATION OF SA",0,0,16,16,0.03,FALSE,NA
"213",402,"LOCAL GOVERNMENT ELECTION 2016",1,"Eastern Cape",1122,"EC131 - Inxuba Yethemba",30907,1096,503,56.86,52721,51625,35,35,TRUE,"2021-10-30T23:03:28.39",6,"UDM - UNITED DEMOCRATIC MOVEMENT",0,0,49,49,0.09,FALSE,NA
"214",402,"LOCAL GOVERNMENT ELECTION 2016",1,"Eastern Cape",1122,"EC131 - Inxuba Yethemba",30907,1096,503,56.86,52721,51625,35,35,TRUE,"2021-10-30T23:03:28.39",1115,"UFEC - UNITED FRONT OF THE EASTERN CAPE",0,0,13,13,0.03,FALSE,NA
"215",402,"LOCAL GOVERNMENT ELECTION 2016",1,"Eastern Cape",1122,"EC131 - Inxuba Yethemba",30907,1096,503,56.86,52721,51625,35,35,TRUE,"2021-10-30T23:03:28.39",4,"VF PLUS - VRYHEIDSFRONT PLUS",0,0,136,136,0.26,FALSE,NA
"216",402,"LOCAL GOVERNMENT ELECTION 2016",1,"Eastern Cape",1147,"EC129 - Nkonkobe/Nxuba",82963,3953,1939,55.08,136716,132763,145,145,TRUE,"2021-10-30T23:03:28.14",7,"ANC - AFRICAN NATIONAL CONGRESS",34232,35725,32956,102913,77.52,FALSE,NA
"217",402,"LOCAL GOVERNMENT ELECTION 2016",1,"Eastern Cape",1147,"EC129 - Nkonkobe/Nxuba",82963,3953,1939,55.08,136716,132763,145,145,TRUE,"2021-10-30T23:03:28.14",52,"DA - DEMOCRATIC ALLIANCE",4338,4517,4501,13356,10.06,FALSE,NA
"218",402,"LOCAL GOVERNMENT ELECTION 2016",1,"Eastern Cape",1147,"EC129 - Nkonkobe/Nxuba",82963,3953,1939,55.08,136716,132763,145,145,TRUE,"2021-10-30T23:03:28.14",0,"INDEPENDENT",3129,0,0,3129,2.36,FALSE,NA
"219",402,"LOCAL GOVERNMENT ELECTION 2016",1,"Eastern Cape",1147,"EC129 - Nkonkobe/Nxuba",82963,3953,1939,55.08,136716,132763,145,145,TRUE,"2021-10-30T23:03:28.14",945,"EFF - ECONOMIC FREEDOM FIGHTERS",2097,2711,2575,7383,5.56,FALSE,NA
"220",402,"LOCAL GOVERNMENT ELECTION 2016",1,"Eastern Cape",1147,"EC129 - Nkonkobe/Nxuba",82963,3953,1939,55.08,136716,132763,145,145,TRUE,"2021-10-30T23:03:28.14",8,"PAC - PAN AFRICANIST CONGRESS OF AZANIA",457,298,302,1057,0.8,FALSE,NA
"221",402,"LOCAL GOVERNMENT ELECTION 2016",1,"Eastern Cape",1147,"EC129 - Nkonkobe/Nxuba",82963,3953,1939,55.08,136716,132763,145,145,TRUE,"2021-10-30T23:03:28.14",6,"UDM - UNITED DEMOCRATIC MOVEMENT",225,454,407,1086,0.82,FALSE,NA
"222",402,"LOCAL GOVERNMENT ELECTION 2016",1,"Eastern Cape",1147,"EC129 - Nkonkobe/Nxuba",82963,3953,1939,55.08,136716,132763,145,145,TRUE,"2021-10-30T23:03:28.14",18,"ACDP - AFRICAN CHRISTIAN DEMOCRATIC PARTY",67,164,0,231,0.17,FALSE,NA
"223",402,"LOCAL GOVERNMENT ELECTION 2016",1,"Eastern Cape",1147,"EC129 - Nkonkobe/Nxuba",82963,3953,1939,55.08,136716,132763,145,145,TRUE,"2021-10-30T23:03:28.14",450,"APC - AFRICAN PEOPLE'S CONVENTION",48,322,0,370,0.28,FALSE,NA
"224",402,"LOCAL GOVERNMENT ELECTION 2016",1,"Eastern Cape",1147,"EC129 - Nkonkobe/Nxuba",82963,3953,1939,55.08,136716,132763,145,145,TRUE,"2021-10-30T23:03:28.14",330,"AIC - AFRICAN INDEPENDENT CONGRESS",0,0,2925,2925,2.2,FALSE,NA
"225",402,"LOCAL GOVERNMENT ELECTION 2016",1,"Eastern Cape",1147,"EC129 - Nkonkobe/Nxuba",82963,3953,1939,55.08,136716,132763,145,145,TRUE,"2021-10-30T23:03:28.14",499,"COPE - CONGRESS  OF THE PEOPLE",0,0,192,192,0.14,FALSE,NA
"226",402,"LOCAL GOVERNMENT ELECTION 2016",1,"Eastern Cape",1147,"EC129 - Nkonkobe/Nxuba",82963,3953,1939,55.08,136716,132763,145,145,TRUE,"2021-10-30T23:03:28.14",943,"UNICO - UNITED CONGRESS",0,0,72,72,0.05,FALSE,NA
"227",402,"LOCAL GOVERNMENT ELECTION 2016",1,"Eastern Cape",1147,"EC129 - Nkonkobe/Nxuba",82963,3953,1939,55.08,136716,132763,145,145,TRUE,"2021-10-30T23:03:28.14",568,"URF - UNITED RESIDENTS FRONT",0,0,49,49,0.04,FALSE,NA
"228",402,"LOCAL GOVERNMENT ELECTION 2016",1,"Eastern Cape",1118,"EC126 - Ngqushwa",38945,1586,368,57.39,66904,65318,89,89,TRUE,"2021-10-30T23:03:28.097",7,"ANC - AFRICAN NATIONAL CONGRESS",17686,19199,17554,54439,83.34,FALSE,NA
"229",402,"LOCAL GOVERNMENT ELECTION 2016",1,"Eastern Cape",1118,"EC126 - Ngqushwa",38945,1586,368,57.39,66904,65318,89,89,TRUE,"2021-10-30T23:03:28.097",0,"INDEPENDENT",1861,0,0,1861,2.85,FALSE,NA
"230",402,"LOCAL GOVERNMENT ELECTION 2016",1,"Eastern Cape",1118,"EC126 - Ngqushwa",38945,1586,368,57.39,66904,65318,89,89,TRUE,"2021-10-30T23:03:28.097",945,"EFF - ECONOMIC FREEDOM FIGHTERS",1662,1830,1751,5243,8.03,FALSE,NA
"231",402,"LOCAL GOVERNMENT ELECTION 2016",1,"Eastern Cape",1118,"EC126 - Ngqushwa",38945,1586,368,57.39,66904,65318,89,89,TRUE,"2021-10-30T23:03:28.097",52,"DA - DEMOCRATIC ALLIANCE",572,638,577,1787,2.74,FALSE,NA
"232",402,"LOCAL GOVERNMENT ELECTION 2016",1,"Eastern Cape",1118,"EC126 - Ngqushwa",38945,1586,368,57.39,66904,65318,89,89,TRUE,"2021-10-30T23:03:28.097",8,"PAC - PAN AFRICANIST CONGRESS OF AZANIA",133,119,87,339,0.52,FALSE,NA
"233",402,"LOCAL GOVERNMENT ELECTION 2016",1,"Eastern Cape",1118,"EC126 - Ngqushwa",38945,1586,368,57.39,66904,65318,89,89,TRUE,"2021-10-30T23:03:28.097",330,"AIC - AFRICAN INDEPENDENT CONGRESS",0,0,1291,1291,1.98,FALSE,NA
"234",402,"LOCAL GOVERNMENT ELECTION 2016",1,"Eastern Cape",1118,"EC126 - Ngqushwa",38945,1586,368,57.39,66904,65318,89,89,TRUE,"2021-10-30T23:03:28.097",499,"COPE - CONGRESS  OF THE PEOPLE",0,0,153,153,0.23,FALSE,NA
"235",402,"LOCAL GOVERNMENT ELECTION 2016",1,"Eastern Cape",1118,"EC126 - Ngqushwa",38945,1586,368,57.39,66904,65318,89,89,TRUE,"2021-10-30T23:03:28.097",6,"UDM - UNITED DEMOCRATIC MOVEMENT",0,0,94,94,0.14,FALSE,NA
"236",402,"LOCAL GOVERNMENT ELECTION 2016",1,"Eastern Cape",1118,"EC126 - Ngqushwa",38945,1586,368,57.39,66904,65318,89,89,TRUE,"2021-10-30T23:03:28.097",943,"UNICO - UNITED CONGRESS",0,0,70,70,0.11,FALSE,NA
"237",402,"LOCAL GOVERNMENT ELECTION 2016",1,"Eastern Cape",1118,"EC126 - Ngqushwa",38945,1586,368,57.39,66904,65318,89,89,TRUE,"2021-10-30T23:03:28.097",568,"URF - UNITED RESIDENTS FRONT",0,0,37,37,0.06,FALSE,NA
"238",402,"LOCAL GOVERNMENT ELECTION 2016",1,"Eastern Cape",1116,"EC124 - Amahlathi",52945,2458,900,54.41,85697,83239,94,94,TRUE,"2021-10-30T23:03:28.053",7,"ANC - AFRICAN NATIONAL CONGRESS",21457,21833,20154,63444,76.22,FALSE,NA
"239",402,"LOCAL GOVERNMENT ELECTION 2016",1,"Eastern Cape",1116,"EC124 - Amahlathi",52945,2458,900,54.41,85697,83239,94,94,TRUE,"2021-10-30T23:03:28.053",52,"DA - DEMOCRATIC ALLIANCE",2395,2462,2449,7306,8.78,FALSE,NA
"240",402,"LOCAL GOVERNMENT ELECTION 2016",1,"Eastern Cape",1116,"EC124 - Amahlathi",52945,2458,900,54.41,85697,83239,94,94,TRUE,"2021-10-30T23:03:28.053",945,"EFF - ECONOMIC FREEDOM FIGHTERS",2249,2326,2316,6891,8.28,FALSE,NA
"241",402,"LOCAL GOVERNMENT ELECTION 2016",1,"Eastern Cape",1116,"EC124 - Amahlathi",52945,2458,900,54.41,85697,83239,94,94,TRUE,"2021-10-30T23:03:28.053",0,"INDEPENDENT",1537,0,0,1537,1.85,FALSE,NA
"242",402,"LOCAL GOVERNMENT ELECTION 2016",1,"Eastern Cape",1116,"EC124 - Amahlathi",52945,2458,900,54.41,85697,83239,94,94,TRUE,"2021-10-30T23:03:28.053",499,"COPE - CONGRESS  OF THE PEOPLE",304,365,330,999,1.2,FALSE,NA
"243",402,"LOCAL GOVERNMENT ELECTION 2016",1,"Eastern Cape",1116,"EC124 - Amahlathi",52945,2458,900,54.41,85697,83239,94,94,TRUE,"2021-10-30T23:03:28.053",568,"URF - UNITED RESIDENTS FRONT",174,177,176,527,0.63,FALSE,NA
"244",402,"LOCAL GOVERNMENT ELECTION 2016",1,"Eastern Cape",1116,"EC124 - Amahlathi",52945,2458,900,54.41,85697,83239,94,94,TRUE,"2021-10-30T23:03:28.053",8,"PAC - PAN AFRICANIST CONGRESS OF AZANIA",76,68,71,215,0.26,FALSE,NA
"245",402,"LOCAL GOVERNMENT ELECTION 2016",1,"Eastern Cape",1116,"EC124 - Amahlathi",52945,2458,900,54.41,85697,83239,94,94,TRUE,"2021-10-30T23:03:28.053",503,"PAM - PAN AFRICANIST MOVEMENT",48,75,0,123,0.15,FALSE,NA
"246",402,"LOCAL GOVERNMENT ELECTION 2016",1,"Eastern Cape",1116,"EC124 - Amahlathi",52945,2458,900,54.41,85697,83239,94,94,TRUE,"2021-10-30T23:03:28.053",466,"PAL - PEOPLES ALLIANCE",13,42,0,55,0.07,FALSE,NA
"247",402,"LOCAL GOVERNMENT ELECTION 2016",1,"Eastern Cape",1116,"EC124 - Amahlathi",52945,2458,900,54.41,85697,83239,94,94,TRUE,"2021-10-30T23:03:28.053",330,"AIC - AFRICAN INDEPENDENT CONGRESS",0,0,1721,1721,2.07,FALSE,NA
"248",402,"LOCAL GOVERNMENT ELECTION 2016",1,"Eastern Cape",1116,"EC124 - Amahlathi",52945,2458,900,54.41,85697,83239,94,94,TRUE,"2021-10-30T23:03:28.053",6,"UDM - UNITED DEMOCRATIC MOVEMENT",0,186,180,366,0.44,FALSE,NA
"249",402,"LOCAL GOVERNMENT ELECTION 2016",1,"Eastern Cape",1116,"EC124 - Amahlathi",52945,2458,900,54.41,85697,83239,94,94,TRUE,"2021-10-30T23:03:28.053",943,"UNICO - UNITED CONGRESS",0,0,55,55,0.07,FALSE,NA
"250",402,"LOCAL GOVERNMENT ELECTION 2016",1,"Eastern Cape",1115,"EC123 - Great Kei",17685,741,510,61.6,31838,31097,43,43,TRUE,"2021-10-30T23:03:28.023",7,"ANC - AFRICAN NATIONAL CONGRESS",7237,7604,7168,22009,70.78,FALSE,NA
"251",402,"LOCAL GOVERNMENT ELECTION 2016",1,"Eastern Cape",1115,"EC123 - Great Kei",17685,741,510,61.6,31838,31097,43,43,TRUE,"2021-10-30T23:03:28.023",52,"DA - DEMOCRATIC ALLIANCE",1986,2026,1986,5998,19.29,FALSE,NA
"252",402,"LOCAL GOVERNMENT ELECTION 2016",1,"Eastern Cape",1115,"EC123 - Great Kei",17685,741,510,61.6,31838,31097,43,43,TRUE,"2021-10-30T23:03:28.023",0,"INDEPENDENT",1033,0,0,1033,3.32,FALSE,NA
"253",402,"LOCAL GOVERNMENT ELECTION 2016",1,"Eastern Cape",1115,"EC123 - Great Kei",17685,741,510,61.6,31838,31097,43,43,TRUE,"2021-10-30T23:03:28.023",945,"EFF - ECONOMIC FREEDOM FIGHTERS",489,523,491,1503,4.83,FALSE,NA
"254",402,"LOCAL GOVERNMENT ELECTION 2016",1,"Eastern Cape",1115,"EC123 - Great Kei",17685,741,510,61.6,31838,31097,43,43,TRUE,"2021-10-30T23:03:28.023",8,"PAC - PAN AFRICANIST CONGRESS OF AZANIA",22,48,37,107,0.34,FALSE,NA
"255",402,"LOCAL GOVERNMENT ELECTION 2016",1,"Eastern Cape",1115,"EC123 - Great Kei",17685,741,510,61.6,31838,31097,43,43,TRUE,"2021-10-30T23:03:28.023",330,"AIC - AFRICAN INDEPENDENT CONGRESS",0,0,342,342,1.1,FALSE,NA
"256",402,"LOCAL GOVERNMENT ELECTION 2016",1,"Eastern Cape",1115,"EC123 - Great Kei",17685,741,510,61.6,31838,31097,43,43,TRUE,"2021-10-30T23:03:28.023",499,"COPE - CONGRESS  OF THE PEOPLE",0,0,54,54,0.17,FALSE,NA
"257",402,"LOCAL GOVERNMENT ELECTION 2016",1,"Eastern Cape",1115,"EC123 - Great Kei",17685,741,510,61.6,31838,31097,43,43,TRUE,"2021-10-30T23:03:28.023",6,"UDM - UNITED DEMOCRATIC MOVEMENT",0,0,32,32,0.1,FALSE,NA
"258",402,"LOCAL GOVERNMENT ELECTION 2016",1,"Eastern Cape",1115,"EC123 - Great Kei",17685,741,510,61.6,31838,31097,43,43,TRUE,"2021-10-30T23:03:28.023",943,"UNICO - UNITED CONGRESS",0,0,12,12,0.04,FALSE,NA
"259",402,"LOCAL GOVERNMENT ELECTION 2016",1,"Eastern Cape",1115,"EC123 - Great Kei",17685,741,510,61.6,31838,31097,43,43,TRUE,"2021-10-30T23:03:28.023",568,"URF - UNITED RESIDENTS FRONT",0,0,6,6,0.02,FALSE,NA
"260",402,"LOCAL GOVERNMENT ELECTION 2016",1,"Eastern Cape",1114,"EC122 - Mnquma",126195,4817,1179,51.28,193719,188902,284,284,TRUE,"2021-10-30T23:03:27.777",7,"ANC - AFRICAN NATIONAL CONGRESS",48249,46693,45645,140587,74.42,FALSE,NA
"261",402,"LOCAL GOVERNMENT ELECTION 2016",1,"Eastern Cape",1114,"EC122 - Mnquma",126195,4817,1179,51.28,193719,188902,284,284,TRUE,"2021-10-30T23:03:27.777",6,"UDM - UNITED DEMOCRATIC MOVEMENT",4492,4738,4788,14018,7.42,FALSE,NA
"262",402,"LOCAL GOVERNMENT ELECTION 2016",1,"Eastern Cape",1114,"EC122 - Mnquma",126195,4817,1179,51.28,193719,188902,284,284,TRUE,"2021-10-30T23:03:27.777",52,"DA - DEMOCRATIC ALLIANCE",2993,2931,2962,8886,4.7,FALSE,NA
"263",402,"LOCAL GOVERNMENT ELECTION 2016",1,"Eastern Cape",1114,"EC122 - Mnquma",126195,4817,1179,51.28,193719,188902,284,284,TRUE,"2021-10-30T23:03:27.777",945,"EFF - ECONOMIC FREEDOM FIGHTERS",2713,3183,3182,9078,4.81,FALSE,NA
"264",402,"LOCAL GOVERNMENT ELECTION 2016",1,"Eastern Cape",1114,"EC122 - Mnquma",126195,4817,1179,51.28,193719,188902,284,284,TRUE,"2021-10-30T23:03:27.777",0,"INDEPENDENT",1971,0,0,1971,1.04,FALSE,NA
"265",402,"LOCAL GOVERNMENT ELECTION 2016",1,"Eastern Cape",1114,"EC122 - Mnquma",126195,4817,1179,51.28,193719,188902,284,284,TRUE,"2021-10-30T23:03:27.777",499,"COPE - CONGRESS  OF THE PEOPLE",1280,1429,1412,4121,2.18,FALSE,NA
"266",402,"LOCAL GOVERNMENT ELECTION 2016",1,"Eastern Cape",1114,"EC122 - Mnquma",126195,4817,1179,51.28,193719,188902,284,284,TRUE,"2021-10-30T23:03:27.777",8,"PAC - PAN AFRICANIST CONGRESS OF AZANIA",776,615,645,2036,1.08,FALSE,NA
"267",402,"LOCAL GOVERNMENT ELECTION 2016",1,"Eastern Cape",1114,"EC122 - Mnquma",126195,4817,1179,51.28,193719,188902,284,284,TRUE,"2021-10-30T23:03:27.777",943,"UNICO - UNITED CONGRESS",275,425,424,1124,0.6,FALSE,NA
"268",402,"LOCAL GOVERNMENT ELECTION 2016",1,"Eastern Cape",1114,"EC122 - Mnquma",126195,4817,1179,51.28,193719,188902,284,284,TRUE,"2021-10-30T23:03:27.777",18,"ACDP - AFRICAN CHRISTIAN DEMOCRATIC PARTY",200,198,0,398,0.21,FALSE,NA
"269",402,"LOCAL GOVERNMENT ELECTION 2016",1,"Eastern Cape",1114,"EC122 - Mnquma",126195,4817,1179,51.28,193719,188902,284,284,TRUE,"2021-10-30T23:03:27.777",330,"AIC - AFRICAN INDEPENDENT CONGRESS",78,2699,3742,6519,3.45,FALSE,NA
"270",402,"LOCAL GOVERNMENT ELECTION 2016",1,"Eastern Cape",1114,"EC122 - Mnquma",126195,4817,1179,51.28,193719,188902,284,284,TRUE,"2021-10-30T23:03:27.777",965,"THI - THE HOUSE OF INDEPENDENTS",8,60,0,68,0.04,FALSE,NA
"271",402,"LOCAL GOVERNMENT ELECTION 2016",1,"Eastern Cape",1114,"EC122 - Mnquma",126195,4817,1179,51.28,193719,188902,284,284,TRUE,"2021-10-30T23:03:27.777",568,"URF - UNITED RESIDENTS FRONT",0,0,96,96,0.05,FALSE,NA
"272",402,"LOCAL GOVERNMENT ELECTION 2016",1,"Eastern Cape",1113,"EC121 - Mbhashe",129921,7020,1790,53.81,207982,200962,304,304,TRUE,"2021-10-30T23:03:27.75",7,"ANC - AFRICAN NATIONAL CONGRESS",48135,50370,47285,145790,72.55,FALSE,NA
"273",402,"LOCAL GOVERNMENT ELECTION 2016",1,"Eastern Cape",1113,"EC121 - Mbhashe",129921,7020,1790,53.81,207982,200962,304,304,TRUE,"2021-10-30T23:03:27.75",6,"UDM - UNITED DEMOCRATIC MOVEMENT",9309,10147,10013,29469,14.66,FALSE,NA
"274",402,"LOCAL GOVERNMENT ELECTION 2016",1,"Eastern Cape",1113,"EC121 - Mbhashe",129921,7020,1790,53.81,207982,200962,304,304,TRUE,"2021-10-30T23:03:27.75",0,"INDEPENDENT",6442,0,0,6442,3.21,FALSE,NA
"275",402,"LOCAL GOVERNMENT ELECTION 2016",1,"Eastern Cape",1113,"EC121 - Mbhashe",129921,7020,1790,53.81,207982,200962,304,304,TRUE,"2021-10-30T23:03:27.75",945,"EFF - ECONOMIC FREEDOM FIGHTERS",1942,2401,2419,6762,3.36,FALSE,NA
"276",402,"LOCAL GOVERNMENT ELECTION 2016",1,"Eastern Cape",1113,"EC121 - Mbhashe",129921,7020,1790,53.81,207982,200962,304,304,TRUE,"2021-10-30T23:03:27.75",52,"DA - DEMOCRATIC ALLIANCE",1437,1533,1516,4486,2.23,FALSE,NA
"277",402,"LOCAL GOVERNMENT ELECTION 2016",1,"Eastern Cape",1113,"EC121 - Mbhashe",129921,7020,1790,53.81,207982,200962,304,304,TRUE,"2021-10-30T23:03:27.75",499,"COPE - CONGRESS  OF THE PEOPLE",406,751,831,1988,0.99,FALSE,NA
"278",402,"LOCAL GOVERNMENT ELECTION 2016",1,"Eastern Cape",1113,"EC121 - Mbhashe",129921,7020,1790,53.81,207982,200962,304,304,TRUE,"2021-10-30T23:03:27.75",8,"PAC - PAN AFRICANIST CONGRESS OF AZANIA",375,466,493,1334,0.66,FALSE,NA
"279",402,"LOCAL GOVERNMENT ELECTION 2016",1,"Eastern Cape",1113,"EC121 - Mbhashe",129921,7020,1790,53.81,207982,200962,304,304,TRUE,"2021-10-30T23:03:27.75",1115,"UFEC - UNITED FRONT OF THE EASTERN CAPE",140,350,0,490,0.24,FALSE,NA
"280",402,"LOCAL GOVERNMENT ELECTION 2016",1,"Eastern Cape",1113,"EC121 - Mbhashe",129921,7020,1790,53.81,207982,200962,304,304,TRUE,"2021-10-30T23:03:27.75",450,"APC - AFRICAN PEOPLE'S CONVENTION",54,496,0,550,0.27,FALSE,NA
"281",402,"LOCAL GOVERNMENT ELECTION 2016",1,"Eastern Cape",1113,"EC121 - Mbhashe",129921,7020,1790,53.81,207982,200962,304,304,TRUE,"2021-10-30T23:03:27.75",330,"AIC - AFRICAN INDEPENDENT CONGRESS",0,0,3277,3277,1.63,FALSE,NA
"282",402,"LOCAL GOVERNMENT ELECTION 2016",1,"Eastern Cape",1113,"EC121 - Mbhashe",129921,7020,1790,53.81,207982,200962,304,304,TRUE,"2021-10-30T23:03:27.75",943,"UNICO - UNITED CONGRESS",0,0,219,219,0.11,FALSE,NA
"283",402,"LOCAL GOVERNMENT ELECTION 2016",1,"Eastern Cape",1113,"EC121 - Mbhashe",129921,7020,1790,53.81,207982,200962,304,304,TRUE,"2021-10-30T23:03:27.75",568,"URF - UNITED RESIDENTS FRONT",0,0,155,155,0.08,FALSE,NA
"284",402,"LOCAL GOVERNMENT ELECTION 2016",1,"Eastern Cape",1110,"EC109 - Kou-Kamma",20413,680,593,59.29,36325,35645,21,21,TRUE,"2021-10-30T23:03:27.7",7,"ANC - AFRICAN NATIONAL CONGRESS",5972,6134,6182,18288,51.31,FALSE,NA
"285",402,"LOCAL GOVERNMENT ELECTION 2016",1,"Eastern Cape",1110,"EC109 - Kou-Kamma",20413,680,593,59.29,36325,35645,21,21,TRUE,"2021-10-30T23:03:27.7",52,"DA - DEMOCRATIC ALLIANCE",5109,5281,5171,15561,43.66,FALSE,NA
"286",402,"LOCAL GOVERNMENT ELECTION 2016",1,"Eastern Cape",1110,"EC109 - Kou-Kamma",20413,680,593,59.29,36325,35645,21,21,TRUE,"2021-10-30T23:03:27.7",0,"INDEPENDENT",421,0,0,421,1.18,FALSE,NA
"287",402,"LOCAL GOVERNMENT ELECTION 2016",1,"Eastern Cape",1110,"EC109 - Kou-Kamma",20413,680,593,59.29,36325,35645,21,21,TRUE,"2021-10-30T23:03:27.7",945,"EFF - ECONOMIC FREEDOM FIGHTERS",237,308,302,847,2.38,FALSE,NA
"288",402,"LOCAL GOVERNMENT ELECTION 2016",1,"Eastern Cape",1110,"EC109 - Kou-Kamma",20413,680,593,59.29,36325,35645,21,21,TRUE,"2021-10-30T23:03:27.7",1147,"KIP - KOUKAMMA INDEPENDENT PARTY",171,167,0,338,0.95,FALSE,NA
"289",402,"LOCAL GOVERNMENT ELECTION 2016",1,"Eastern Cape",1110,"EC109 - Kou-Kamma",20413,680,593,59.29,36325,35645,21,21,TRUE,"2021-10-30T23:03:27.7",18,"ACDP - AFRICAN CHRISTIAN DEMOCRATIC PARTY",0,0,64,64,0.18,FALSE,NA
"290",402,"LOCAL GOVERNMENT ELECTION 2016",1,"Eastern Cape",1110,"EC109 - Kou-Kamma",20413,680,593,59.29,36325,35645,21,21,TRUE,"2021-10-30T23:03:27.7",6,"UDM - UNITED DEMOCRATIC MOVEMENT",0,0,48,48,0.13,FALSE,NA
"291",402,"LOCAL GOVERNMENT ELECTION 2016",1,"Eastern Cape",1110,"EC109 - Kou-Kamma",20413,680,593,59.29,36325,35645,21,21,TRUE,"2021-10-30T23:03:27.7",4,"VF PLUS - VRYHEIDSFRONT PLUS",0,0,78,78,0.22,FALSE,NA
"292",402,"LOCAL GOVERNMENT ELECTION 2016",1,"Eastern Cape",1109,"EC108 - Kouga",58145,1421,964,66.04,115286,113865,39,39,TRUE,"2021-10-30T23:03:27.66",52,"DA - DEMOCRATIC ALLIANCE",21364,21543,21568,64475,56.62,FALSE,NA
"293",402,"LOCAL GOVERNMENT ELECTION 2016",1,"Eastern Cape",1109,"EC108 - Kouga",58145,1421,964,66.04,115286,113865,39,39,TRUE,"2021-10-30T23:03:27.66",7,"ANC - AFRICAN NATIONAL CONGRESS",15407,15409,15366,46182,40.56,FALSE,NA
"294",402,"LOCAL GOVERNMENT ELECTION 2016",1,"Eastern Cape",1109,"EC108 - Kouga",58145,1421,964,66.04,115286,113865,39,39,TRUE,"2021-10-30T23:03:27.66",0,"INDEPENDENT",399,0,0,399,0.35,FALSE,NA
"295",402,"LOCAL GOVERNMENT ELECTION 2016",1,"Eastern Cape",1109,"EC108 - Kouga",58145,1421,964,66.04,115286,113865,39,39,TRUE,"2021-10-30T23:03:27.66",945,"EFF - ECONOMIC FREEDOM FIGHTERS",298,431,440,1169,1.03,FALSE,NA
"296",402,"LOCAL GOVERNMENT ELECTION 2016",1,"Eastern Cape",1109,"EC108 - Kouga",58145,1421,964,66.04,115286,113865,39,39,TRUE,"2021-10-30T23:03:27.66",4,"VF PLUS - VRYHEIDSFRONT PLUS",274,247,275,796,0.7,FALSE,NA
"297",402,"LOCAL GOVERNMENT ELECTION 2016",1,"Eastern Cape",1109,"EC108 - Kouga",58145,1421,964,66.04,115286,113865,39,39,TRUE,"2021-10-30T23:03:27.66",18,"ACDP - AFRICAN CHRISTIAN DEMOCRATIC PARTY",184,163,165,512,0.45,FALSE,NA
"298",402,"LOCAL GOVERNMENT ELECTION 2016",1,"Eastern Cape",1109,"EC108 - Kouga",58145,1421,964,66.04,115286,113865,39,39,TRUE,"2021-10-30T23:03:27.66",957,"PA - PATRIOTIC ALLIANCE",64,95,0,159,0.14,FALSE,NA
"299",402,"LOCAL GOVERNMENT ELECTION 2016",1,"Eastern Cape",1109,"EC108 - Kouga",58145,1421,964,66.04,115286,113865,39,39,TRUE,"2021-10-30T23:03:27.66",6,"UDM - UNITED DEMOCRATIC MOVEMENT",0,72,101,173,0.15,FALSE,NA
"300",402,"LOCAL GOVERNMENT ELECTION 2016",1,"Eastern Cape",1107,"EC106 - Sundays River Valley",25839,563,558,57.69,44710,44147,37,37,TRUE,"2021-10-30T23:03:27.633",7,"ANC - AFRICAN NATIONAL CONGRESS",10540,10478,10563,31581,71.54,FALSE,NA
"301",402,"LOCAL GOVERNMENT ELECTION 2016",1,"Eastern Cape",1107,"EC106 - Sundays River Valley",25839,563,558,57.69,44710,44147,37,37,TRUE,"2021-10-30T23:03:27.633",52,"DA - DEMOCRATIC ALLIANCE",3189,3206,3171,9566,21.67,FALSE,NA
"302",402,"LOCAL GOVERNMENT ELECTION 2016",1,"Eastern Cape",1107,"EC106 - Sundays River Valley",25839,563,558,57.69,44710,44147,37,37,TRUE,"2021-10-30T23:03:27.633",945,"EFF - ECONOMIC FREEDOM FIGHTERS",758,727,797,2282,5.17,FALSE,NA
"303",402,"LOCAL GOVERNMENT ELECTION 2016",1,"Eastern Cape",1107,"EC106 - Sundays River Valley",25839,563,558,57.69,44710,44147,37,37,TRUE,"2021-10-30T23:03:27.633",8,"PAC - PAN AFRICANIST CONGRESS OF AZANIA",243,236,0,479,1.09,FALSE,NA
"304",402,"LOCAL GOVERNMENT ELECTION 2016",1,"Eastern Cape",1107,"EC106 - Sundays River Valley",25839,563,558,57.69,44710,44147,37,37,TRUE,"2021-10-30T23:03:27.633",18,"ACDP - AFRICAN CHRISTIAN DEMOCRATIC PARTY",0,0,55,55,0.12,FALSE,NA
"305",402,"LOCAL GOVERNMENT ELECTION 2016",1,"Eastern Cape",1107,"EC106 - Sundays River Valley",25839,563,558,57.69,44710,44147,37,37,TRUE,"2021-10-30T23:03:27.633",6,"UDM - UNITED DEMOCRATIC MOVEMENT",0,76,64,140,0.32,FALSE,NA
"306",402,"LOCAL GOVERNMENT ELECTION 2016",1,"Eastern Cape",1107,"EC106 - Sundays River Valley",25839,563,558,57.69,44710,44147,37,37,TRUE,"2021-10-30T23:03:27.633",4,"VF PLUS - VRYHEIDSFRONT PLUS",0,0,44,44,0.1,FALSE,NA
"307",402,"LOCAL GOVERNMENT ELECTION 2016",1,"Eastern Cape",1106,"EC105 - Ndlambe",34455,734,441,65.34,67457,66723,29,29,TRUE,"2021-10-30T23:03:27.597",7,"ANC - AFRICAN NATIONAL CONGRESS",13818,13870,13872,41560,62.29,FALSE,NA
"308",402,"LOCAL GOVERNMENT ELECTION 2016",1,"Eastern Cape",1106,"EC105 - Ndlambe",34455,734,441,65.34,67457,66723,29,29,TRUE,"2021-10-30T23:03:27.597",52,"DA - DEMOCRATIC ALLIANCE",6823,6885,6800,20508,30.74,FALSE,NA
"309",402,"LOCAL GOVERNMENT ELECTION 2016",1,"Eastern Cape",1106,"EC105 - Ndlambe",34455,734,441,65.34,67457,66723,29,29,TRUE,"2021-10-30T23:03:27.597",0,"INDEPENDENT",725,0,0,725,1.09,FALSE,NA
"310",402,"LOCAL GOVERNMENT ELECTION 2016",1,"Eastern Cape",1106,"EC105 - Ndlambe",34455,734,441,65.34,67457,66723,29,29,TRUE,"2021-10-30T23:03:27.597",945,"EFF - ECONOMIC FREEDOM FIGHTERS",464,601,574,1639,2.46,FALSE,NA
"311",402,"LOCAL GOVERNMENT ELECTION 2016",1,"Eastern Cape",1106,"EC105 - Ndlambe",34455,734,441,65.34,67457,66723,29,29,TRUE,"2021-10-30T23:03:27.597",18,"ACDP - AFRICAN CHRISTIAN DEMOCRATIC PARTY",319,296,279,894,1.34,FALSE,NA
"312",402,"LOCAL GOVERNMENT ELECTION 2016",1,"Eastern Cape",1106,"EC105 - Ndlambe",34455,734,441,65.34,67457,66723,29,29,TRUE,"2021-10-30T23:03:27.597",6,"UDM - UNITED DEMOCRATIC MOVEMENT",121,600,600,1321,1.98,FALSE,NA
"313",402,"LOCAL GOVERNMENT ELECTION 2016",1,"Eastern Cape",1106,"EC105 - Ndlambe",34455,734,441,65.34,67457,66723,29,29,TRUE,"2021-10-30T23:03:27.597",4,"VF PLUS - VRYHEIDSFRONT PLUS",0,0,76,76,0.11,FALSE,NA
"314",402,"LOCAL GOVERNMENT ELECTION 2016",1,"Eastern Cape",1105,"EC104 - Makana",46398,1167,561,52.34,72196,71029,40,40,TRUE,"2021-10-30T23:03:27.337",7,"ANC - AFRICAN NATIONAL CONGRESS",14087,15078,15143,44308,62.38,FALSE,NA
"315",402,"LOCAL GOVERNMENT ELECTION 2016",1,"Eastern Cape",1105,"EC104 - Makana",46398,1167,561,52.34,72196,71029,40,40,TRUE,"2021-10-30T23:03:27.337",52,"DA - DEMOCRATIC ALLIANCE",6911,7134,7040,21085,29.69,FALSE,NA
"316",402,"LOCAL GOVERNMENT ELECTION 2016",1,"Eastern Cape",1105,"EC104 - Makana",46398,1167,561,52.34,72196,71029,40,40,TRUE,"2021-10-30T23:03:27.337",945,"EFF - ECONOMIC FREEDOM FIGHTERS",1127,1382,1351,3860,5.43,FALSE,NA
"317",402,"LOCAL GOVERNMENT ELECTION 2016",1,"Eastern Cape",1105,"EC104 - Makana",46398,1167,561,52.34,72196,71029,40,40,TRUE,"2021-10-30T23:03:27.337",0,"INDEPENDENT",898,0,0,898,1.26,FALSE,NA
"318",402,"LOCAL GOVERNMENT ELECTION 2016",1,"Eastern Cape",1105,"EC104 - Makana",46398,1167,561,52.34,72196,71029,40,40,TRUE,"2021-10-30T23:03:27.337",17,"AZAPO - AZANIAN PEOPLE'S ORGANISATION",142,208,0,350,0.49,FALSE,NA
"319",402,"LOCAL GOVERNMENT ELECTION 2016",1,"Eastern Cape",1105,"EC104 - Makana",46398,1167,561,52.34,72196,71029,40,40,TRUE,"2021-10-30T23:03:27.337",18,"ACDP - AFRICAN CHRISTIAN DEMOCRATIC PARTY",0,0,115,115,0.16,FALSE,NA
"320",402,"LOCAL GOVERNMENT ELECTION 2016",1,"Eastern Cape",1105,"EC104 - Makana",46398,1167,561,52.34,72196,71029,40,40,TRUE,"2021-10-30T23:03:27.337",6,"UDM - UNITED DEMOCRATIC MOVEMENT",0,195,178,373,0.53,FALSE,NA
"321",402,"LOCAL GOVERNMENT ELECTION 2016",1,"Eastern Cape",1105,"EC104 - Makana",46398,1167,561,52.34,72196,71029,40,40,TRUE,"2021-10-30T23:03:27.337",4,"VF PLUS - VRYHEIDSFRONT PLUS",0,0,40,40,0.06,FALSE,NA
"322",402,"LOCAL GOVERNMENT ELECTION 2016",1,"Eastern Cape",1103,"EC102 - Blue Crane Route",18372,418,646,60.76,33143,32725,29,29,TRUE,"2021-10-30T23:03:27.307",7,"ANC - AFRICAN NATIONAL CONGRESS",6770,6447,6536,19753,60.36,FALSE,NA
"323",402,"LOCAL GOVERNMENT ELECTION 2016",1,"Eastern Cape",1103,"EC102 - Blue Crane Route",18372,418,646,60.76,33143,32725,29,29,TRUE,"2021-10-30T23:03:27.307",52,"DA - DEMOCRATIC ALLIANCE",4028,4188,4003,12219,37.34,FALSE,NA
"324",402,"LOCAL GOVERNMENT ELECTION 2016",1,"Eastern Cape",1103,"EC102 - Blue Crane Route",18372,418,646,60.76,33143,32725,29,29,TRUE,"2021-10-30T23:03:27.307",945,"EFF - ECONOMIC FREEDOM FIGHTERS",221,217,220,658,2.01,FALSE,NA
"325",402,"LOCAL GOVERNMENT ELECTION 2016",1,"Eastern Cape",1103,"EC102 - Blue Crane Route",18372,418,646,60.76,33143,32725,29,29,TRUE,"2021-10-30T23:03:27.307",18,"ACDP - AFRICAN CHRISTIAN DEMOCRATIC PARTY",0,0,20,20,0.06,FALSE,NA
"326",402,"LOCAL GOVERNMENT ELECTION 2016",1,"Eastern Cape",1103,"EC102 - Blue Crane Route",18372,418,646,60.76,33143,32725,29,29,TRUE,"2021-10-30T23:03:27.307",6,"UDM - UNITED DEMOCRATIC MOVEMENT",0,0,21,21,0.06,FALSE,NA
"327",402,"LOCAL GOVERNMENT ELECTION 2016",1,"Eastern Cape",1103,"EC102 - Blue Crane Route",18372,418,646,60.76,33143,32725,29,29,TRUE,"2021-10-30T23:03:27.307",4,"VF PLUS - VRYHEIDSFRONT PLUS",0,0,54,54,0.17,FALSE,NA
"328",402,"LOCAL GOVERNMENT ELECTION 2016",1,"Eastern Cape",1102,"EC101 - Camdeboo",40887,1133,1357,61.16,75196,74063,46,46,TRUE,"2021-10-30T23:03:27.277",7,"ANC - AFRICAN NATIONAL CONGRESS",12561,12607,12648,37816,51.06,FALSE,NA
"329",402,"LOCAL GOVERNMENT ELECTION 2016",1,"Eastern Cape",1102,"EC101 - Camdeboo",40887,1133,1357,61.16,75196,74063,46,46,TRUE,"2021-10-30T23:03:27.277",52,"DA - DEMOCRATIC ALLIANCE",11504,11466,11386,34356,46.39,FALSE,NA
"330",402,"LOCAL GOVERNMENT ELECTION 2016",1,"Eastern Cape",1102,"EC101 - Camdeboo",40887,1133,1357,61.16,75196,74063,46,46,TRUE,"2021-10-30T23:03:27.277",945,"EFF - ECONOMIC FREEDOM FIGHTERS",399,459,452,1310,1.77,FALSE,NA
"331",402,"LOCAL GOVERNMENT ELECTION 2016",1,"Eastern Cape",1102,"EC101 - Camdeboo",40887,1133,1357,61.16,75196,74063,46,46,TRUE,"2021-10-30T23:03:27.277",1117,"SDO - SERVICE DELIVERY ORGANISATION",115,177,0,292,0.39,FALSE,NA
"332",402,"LOCAL GOVERNMENT ELECTION 2016",1,"Eastern Cape",1102,"EC101 - Camdeboo",40887,1133,1357,61.16,75196,74063,46,46,TRUE,"2021-10-30T23:03:27.277",0,"INDEPENDENT",14,0,0,14,0.02,FALSE,NA
"333",402,"LOCAL GOVERNMENT ELECTION 2016",1,"Eastern Cape",1102,"EC101 - Camdeboo",40887,1133,1357,61.16,75196,74063,46,46,TRUE,"2021-10-30T23:03:27.277",18,"ACDP - AFRICAN CHRISTIAN DEMOCRATIC PARTY",0,0,59,59,0.08,FALSE,NA
"334",402,"LOCAL GOVERNMENT ELECTION 2016",1,"Eastern Cape",1102,"EC101 - Camdeboo",40887,1133,1357,61.16,75196,74063,46,46,TRUE,"2021-10-30T23:03:27.277",6,"UDM - UNITED DEMOCRATIC MOVEMENT",0,0,78,78,0.11,FALSE,NA
"335",402,"LOCAL GOVERNMENT ELECTION 2016",1,"Eastern Cape",1102,"EC101 - Camdeboo",40887,1133,1357,61.16,75196,74063,46,46,TRUE,"2021-10-30T23:03:27.277",4,"VF PLUS - VRYHEIDSFRONT PLUS",0,0,138,138,0.19,FALSE,NA
"336",402,"LOCAL GOVERNMENT ELECTION 2016",1,"Eastern Cape",1117,"BUF - Buffalo City",419044,10777,5325,55.93,467087,456310,339,339,TRUE,"2021-10-30T23:03:27.077",7,"ANC - AFRICAN NATIONAL CONGRESS",131698,136354,0,268052,58.74,FALSE,NA
"337",402,"LOCAL GOVERNMENT ELECTION 2016",1,"Eastern Cape",1117,"BUF - Buffalo City",419044,10777,5325,55.93,467087,456310,339,339,TRUE,"2021-10-30T23:03:27.077",52,"DA - DEMOCRATIC ALLIANCE",53374,53416,0,106790,23.4,FALSE,NA
"338",402,"LOCAL GOVERNMENT ELECTION 2016",1,"Eastern Cape",1117,"BUF - Buffalo City",419044,10777,5325,55.93,467087,456310,339,339,TRUE,"2021-10-30T23:03:27.077",945,"EFF - ECONOMIC FREEDOM FIGHTERS",17697,18693,0,36390,7.97,FALSE,NA
"339",402,"LOCAL GOVERNMENT ELECTION 2016",1,"Eastern Cape",1117,"BUF - Buffalo City",419044,10777,5325,55.93,467087,456310,339,339,TRUE,"2021-10-30T23:03:27.077",0,"INDEPENDENT",12223,0,0,12223,2.68,FALSE,NA
"340",402,"LOCAL GOVERNMENT ELECTION 2016",1,"Eastern Cape",1117,"BUF - Buffalo City",419044,10777,5325,55.93,467087,456310,339,339,TRUE,"2021-10-30T23:03:27.077",330,"AIC - AFRICAN INDEPENDENT CONGRESS",6731,8869,0,15600,3.42,FALSE,NA
"341",402,"LOCAL GOVERNMENT ELECTION 2016",1,"Eastern Cape",1117,"BUF - Buffalo City",419044,10777,5325,55.93,467087,456310,339,339,TRUE,"2021-10-30T23:03:27.077",8,"PAC - PAN AFRICANIST CONGRESS OF AZANIA",1877,2228,0,4105,0.9,FALSE,NA
"342",402,"LOCAL GOVERNMENT ELECTION 2016",1,"Eastern Cape",1117,"BUF - Buffalo City",419044,10777,5325,55.93,467087,456310,339,339,TRUE,"2021-10-30T23:03:27.077",499,"COPE - CONGRESS  OF THE PEOPLE",1655,2258,0,3913,0.86,FALSE,NA
"343",402,"LOCAL GOVERNMENT ELECTION 2016",1,"Eastern Cape",1117,"BUF - Buffalo City",419044,10777,5325,55.93,467087,456310,339,339,TRUE,"2021-10-30T23:03:27.077",18,"ACDP - AFRICAN CHRISTIAN DEMOCRATIC PARTY",1275,1244,0,2519,0.55,FALSE,NA
"344",402,"LOCAL GOVERNMENT ELECTION 2016",1,"Eastern Cape",1117,"BUF - Buffalo City",419044,10777,5325,55.93,467087,456310,339,339,TRUE,"2021-10-30T23:03:27.077",6,"UDM - UNITED DEMOCRATIC MOVEMENT",1021,2944,0,3965,0.87,FALSE,NA
"345",402,"LOCAL GOVERNMENT ELECTION 2016",1,"Eastern Cape",1117,"BUF - Buffalo City",419044,10777,5325,55.93,467087,456310,339,339,TRUE,"2021-10-30T23:03:27.077",1115,"UFEC - UNITED FRONT OF THE EASTERN CAPE",623,730,0,1353,0.3,FALSE,NA
"346",402,"LOCAL GOVERNMENT ELECTION 2016",1,"Eastern Cape",1117,"BUF - Buffalo City",419044,10777,5325,55.93,467087,456310,339,339,TRUE,"2021-10-30T23:03:27.077",943,"UNICO - UNITED CONGRESS",204,224,0,428,0.09,FALSE,NA
"347",402,"LOCAL GOVERNMENT ELECTION 2016",1,"Eastern Cape",1117,"BUF - Buffalo City",419044,10777,5325,55.93,467087,456310,339,339,TRUE,"2021-10-30T23:03:27.077",503,"PAM - PAN AFRICANIST MOVEMENT",88,446,0,534,0.12,FALSE,NA
"348",402,"LOCAL GOVERNMENT ELECTION 2016",1,"Eastern Cape",1117,"BUF - Buffalo City",419044,10777,5325,55.93,467087,456310,339,339,TRUE,"2021-10-30T23:03:27.077",466,"PAL - PEOPLES ALLIANCE",40,366,0,406,0.09,FALSE,NA
